case_id,shape,quadrant,feather_radius,maxae,mae,rmse,passed
even_4x6_top,4x6,top,0,0.0,0.0,0.0,True
even_4x6_top,4x6,top,1,0.0,0.0,0.0,True
even_4x6_top,4x6,top,2,2.508231511377801e-08,7.4505805691682525e-09,1.2761279315615624e-08,True
even_4x6_top,4x6,top,3,2.508231511377801e-08,7.4505805691682525e-09,1.2761279315615624e-08,True
even_4x6_top,4x6,top,24,1.9265143591518097e-08,1.1373140693105022e-08,1.2301114955040867e-08,True
even_4x6_top,4x6,top,25,1.9265143591518097e-08,1.1373140693105022e-08,1.2301114955040867e-08,True
even_4x6_bottom,4x6,bottom,0,0.0,0.0,0.0,True
even_4x6_bottom,4x6,bottom,1,0.0,0.0,0.0,True
even_4x6_bottom,4x6,bottom,2,2.508231511377801e-08,7.4505805691682525e-09,1.2761279315615624e-08,True
even_4x6_bottom,4x6,bottom,3,2.508231511377801e-08,7.4505805691682525e-09,1.2761279315615624e-08,True
even_4x6_bottom,4x6,bottom,24,1.9265143591518097e-08,1.1373140693105022e-08,1.2301114955040867e-08,True
even_4x6_bottom,4x6,bottom,25,1.9265143591518097e-08,1.1373140693105022e-08,1.2301114955040867e-08,True
even_4x6_left,4x6,left,0,0.0,0.0,0.0,True
even_4x6_left,4x6,left,1,0.0,0.0,0.0,True
even_4x6_left,4x6,left,2,2.508231511377801e-08,4.967053722030694e-09,1.0419540933654923e-08,True
even_4x6_left,4x6,left,3,2.508231511377801e-08,4.967053722030694e-09,1.0419540933654923e-08,True
even_4x6_left,4x6,left,24,8.213651159216795e-08,3.1085569646149835e-08,3.95161797386975e-08,True
even_4x6_left,4x6,left,25,8.213651159216795e-08,3.1085569646149835e-08,3.95161797386975e-08,True
even_4x6_right,4x6,right,0,0.0,0.0,0.0,True
even_4x6_right,4x6,right,1,0.0,0.0,0.0,True
even_4x6_right,4x6,right,2,2.508231511377801e-08,4.967053722030694e-09,1.0419540933654923e-08,True
even_4x6_right,4x6,right,3,2.508231511377801e-08,4.967053722030694e-09,1.0419540933654923e-08,True
even_4x6_right,4x6,right,24,8.213651159216795e-08,4.373327926650757e-08,4.998768519721017e-08,True
even_4x6_right,4x6,right,25,8.213651159216795e-08,4.373327926650757e-08,4.998768519721017e-08,True
even_4x6_center,4x6,center,0,0.0,0.0,0.0,True
even_4x6_center,4x6,center,1,0.0,0.0,0.0,True
even_4x6_center,4x6,center,2,3.674253168384212e-08,1.1630698376619009e-08,1.7317054642608516e-08,True
even_4x6_center,4x6,center,3,3.674253168384212e-08,1.1630698376619009e-08,1.7317054642608516e-08,True
even_4x6_center,4x6,center,24,5.1098988318454275e-08,2.039993660107875e-08,2.560005173213239e-08,True
even_4x6_center,4x6,center,25,5.1098988318454275e-08,2.039993660107875e-08,2.560005173213239e-08,True
odd_5x7_top,5x7,top,0,0.0,0.0,0.0,True
odd_5x7_top,5x7,top,1,0.0,0.0,0.0,True
odd_5x7_top,5x7,top,2,2.508231511377801e-08,5.960464455334602e-09,1.1414035211831411e-08,True
odd_5x7_top,5x7,top,3,2.508231511377801e-08,5.960464455334602e-09,1.1414035211831411e-08,True
odd_5x7_top,5x7,top,24,2.896125333995414e-08,1.4215755361757231e-08,1.622486003587959e-08,True
odd_5x7_top,5x7,top,25,2.896125333995414e-08,1.4215755361757231e-08,1.622486003587959e-08,True
odd_5x7_bottom,5x7,bottom,0,0.0,0.0,0.0,True
odd_5x7_bottom,5x7,bottom,1,0.0,0.0,0.0,True
odd_5x7_bottom,5x7,bottom,2,2.508231511377801e-08,5.960464455334602e-09,1.1414035211831411e-08,True
odd_5x7_bottom,5x7,bottom,3,2.508231511377801e-08,5.960464455334602e-09,1.1414035211831411e-08,True
odd_5x7_bottom,5x7,bottom,24,3.891036637337919e-08,2.3490836809081374e-08,2.5656728553318144e-08,True
odd_5x7_bottom,5x7,bottom,25,3.891036637337919e-08,2.3490836809081374e-08,2.5656728553318144e-08,True
odd_5x7_left,5x7,left,0,0.0,0.0,0.0,True
odd_5x7_left,5x7,left,1,0.0,0.0,0.0,True
odd_5x7_left,5x7,left,2,2.508231511377801e-08,4.257474618883452e-09,9.646620426780584e-09,True
odd_5x7_left,5x7,left,3,2.508231511377801e-08,4.257474618883452e-09,9.646620426780584e-09,True
odd_5x7_left,5x7,left,24,3.88021493824553e-08,2.156351418853524e-08,2.537394771341453e-08,True
odd_5x7_left,5x7,left,25,3.88021493824553e-08,2.156351418853524e-08,2.537394771341453e-08,True
odd_5x7_right,5x7,right,0,0.0,0.0,0.0,True
odd_5x7_right,5x7,right,1,0.0,0.0,0.0,True
odd_5x7_right,5x7,right,2,2.508231511377801e-08,4.257474618883452e-09,9.646620426780583e-09,True
odd_5x7_right,5x7,right,3,2.508231511377801e-08,4.257474618883452e-09,9.646620426780583e-09,True
odd_5x7_right,5x7,right,24,1.2105293745179324e-07,5.363499998102737e-08,7.161349554839343e-08,True
odd_5x7_right,5x7,right,25,1.2105293745179324e-07,5.363499998102737e-08,7.161349554839343e-08,True
odd_5x7_center,5x7,center,0,0.0,0.0,0.0,True
odd_5x7_center,5x7,center,1,0.0,0.0,0.0,True
odd_5x7_center,5x7,center,2,3.674253168384212e-08,9.366352246575892e-09,1.5495708558810513e-08,True
odd_5x7_center,5x7,center,3,3.674253168384212e-08,9.366352246575892e-09,1.5495708558810513e-08,True
odd_5x7_center,5x7,center,24,6.453494788560832e-08,2.551976010670539e-08,3.0064934689682076e-08,True
odd_5x7_center,5x7,center,25,6.453494788560832e-08,2.551976010670539e-08,3.0064934689682076e-08,True
tiny_1x1_top,1x1,top,0,0.0,0.0,0.0,True
tiny_1x1_top,1x1,top,1,0.0,0.0,0.0,True
tiny_1x1_top,1x1,top,2,0.0,0.0,0.0,True
tiny_1x1_top,1x1,top,3,0.0,0.0,0.0,True
tiny_1x1_top,1x1,top,24,0.0,0.0,0.0,True
tiny_1x1_top,1x1,top,25,0.0,0.0,0.0,True
tiny_1x1_bottom,1x1,bottom,0,0.0,0.0,0.0,True
tiny_1x1_bottom,1x1,bottom,1,0.0,0.0,0.0,True
tiny_1x1_bottom,1x1,bottom,2,0.0,0.0,0.0,True
tiny_1x1_bottom,1x1,bottom,3,0.0,0.0,0.0,True
tiny_1x1_bottom,1x1,bottom,24,0.0,0.0,0.0,True
tiny_1x1_bottom,1x1,bottom,25,0.0,0.0,0.0,True
tiny_1x1_left,1x1,left,0,0.0,0.0,0.0,True
tiny_1x1_left,1x1,left,1,0.0,0.0,0.0,True
tiny_1x1_left,1x1,left,2,0.0,0.0,0.0,True
tiny_1x1_left,1x1,left,3,0.0,0.0,0.0,True
tiny_1x1_left,1x1,left,24,0.0,0.0,0.0,True
tiny_1x1_left,1x1,left,25,0.0,0.0,0.0,True
tiny_1x1_right,1x1,right,0,0.0,0.0,0.0,True
tiny_1x1_right,1x1,right,1,0.0,0.0,0.0,True
tiny_1x1_right,1x1,right,2,0.0,0.0,0.0,True
tiny_1x1_right,1x1,right,3,0.0,0.0,0.0,True
tiny_1x1_right,1x1,right,24,0.0,0.0,0.0,True
tiny_1x1_right,1x1,right,25,0.0,0.0,0.0,True
tiny_1x1_center,1x1,center,0,0.0,0.0,0.0,True
tiny_1x1_center,1x1,center,1,0.0,0.0,0.0,True
tiny_1x1_center,1x1,center,2,0.0,0.0,0.0,True
tiny_1x1_center,1x1,center,3,0.0,0.0,0.0,True
tiny_1x1_center,1x1,center,24,0.0,0.0,0.0,True
tiny_1x1_center,1x1,center,25,0.0,0.0,0.0,True
tiny_1x5_top,1x5,top,0,0.0,0.0,0.0,True
tiny_1x5_top,1x5,top,1,0.0,0.0,0.0,True
tiny_1x5_top,1x5,top,2,0.0,0.0,0.0,True
tiny_1x5_top,1x5,top,3,0.0,0.0,0.0,True
tiny_1x5_top,1x5,top,24,0.0,0.0,0.0,True
tiny_1x5_top,1x5,top,25,0.0,0.0,0.0,True
tiny_1x5_bottom,1x5,bottom,0,0.0,0.0,0.0,True
tiny_1x5_bottom,1x5,bottom,1,0.0,0.0,0.0,True
tiny_1x5_bottom,1x5,bottom,2,0.0,0.0,0.0,True
tiny_1x5_bottom,1x5,bottom,3,0.0,0.0,0.0,True
tiny_1x5_bottom,1x5,bottom,24,0.0,0.0,0.0,True
tiny_1x5_bottom,1x5,bottom,25,0.0,0.0,0.0,True
tiny_1x5_left,1x5,left,0,0.0,0.0,0.0,True
tiny_1x5_left,1x5,left,1,0.0,0.0,0.0,True
tiny_1x5_left,1x5,left,2,2.508231511377801e-08,5.9604644664368324e-09,1.141403521642248e-08,True
tiny_1x5_left,1x5,left,3,2.508231511377801e-08,5.9604644664368324e-09,1.141403521642248e-08,True
tiny_1x5_left,1x5,left,24,2.8961253395465292e-08,1.6533002189511592e-08,1.8229246302023722e-08,True
tiny_1x5_left,1x5,left,25,2.8961253395465292e-08,1.6533002189511592e-08,1.8229246302023722e-08,True
tiny_1x5_right,1x5,right,0,0.0,0.0,0.0,True
tiny_1x5_right,1x5,right,1,0.0,0.0,0.0,True
tiny_1x5_right,1x5,right,2,2.508231511377801e-08,5.9604644664368324e-09,1.141403521642248e-08,True
tiny_1x5_right,1x5,right,3,2.508231511377801e-08,5.9604644664368324e-09,1.141403521642248e-08,True
tiny_1x5_right,1x5,right,24,1.0892581914223598e-07,4.2558364032885267e-08,5.450403047491836e-08,True
tiny_1x5_right,1x5,right,25,1.0892581914223598e-07,4.2558364032885267e-08,5.450403047491836e-08,True
tiny_1x5_center,1x5,center,0,0.0,0.0,0.0,True
tiny_1x5_center,1x5,center,1,0.0,0.0,0.0,True
tiny_1x5_center,1x5,center,2,0.0,0.0,0.0,True
tiny_1x5_center,1x5,center,3,0.0,0.0,0.0,True
tiny_1x5_center,1x5,center,24,0.0,0.0,0.0,True
tiny_1x5_center,1x5,center,25,0.0,0.0,0.0,True
tiny_5x1_top,5x1,top,0,0.0,0.0,0.0,True
tiny_5x1_top,5x1,top,1,0.0,0.0,0.0,True
tiny_5x1_top,5x1,top,2,2.508231511377801e-08,5.960464455334602e-09,1.1414035211831413e-08,True
tiny_5x1_top,5x1,top,3,2.508231511377801e-08,5.960464455334602e-09,1.1414035211831413e-08,True
tiny_5x1_top,5x1,top,24,2.896125333995414e-08,1.4215755361757231e-08,1.6224860035879594e-08,True
tiny_5x1_top,5x1,top,25,2.896125333995414e-08,1.4215755361757231e-08,1.6224860035879594e-08,True
tiny_5x1_bottom,5x1,bottom,0,0.0,0.0,0.0,True
tiny_5x1_bottom,5x1,bottom,1,0.0,0.0,0.0,True
tiny_5x1_bottom,5x1,bottom,2,2.508231511377801e-08,5.960464455334602e-09,1.1414035211831413e-08,True
tiny_5x1_bottom,5x1,bottom,3,2.508231511377801e-08,5.960464455334602e-09,1.1414035211831413e-08,True
tiny_5x1_bottom,5x1,bottom,24,3.891036637337919e-08,2.3490836809081374e-08,2.5656728553318144e-08,True
tiny_5x1_bottom,5x1,bottom,25,3.891036637337919e-08,2.3490836809081374e-08,2.5656728553318144e-08,True
tiny_5x1_left,5x1,left,0,0.0,0.0,0.0,True
tiny_5x1_left,5x1,left,1,0.0,0.0,0.0,True
tiny_5x1_left,5x1,left,2,0.0,0.0,0.0,True
tiny_5x1_left,5x1,left,3,0.0,0.0,0.0,True
tiny_5x1_left,5x1,left,24,0.0,0.0,0.0,True
tiny_5x1_left,5x1,left,25,0.0,0.0,0.0,True
tiny_5x1_right,5x1,right,0,0.0,0.0,0.0,True
tiny_5x1_right,5x1,right,1,0.0,0.0,0.0,True
tiny_5x1_right,5x1,right,2,0.0,0.0,0.0,True
tiny_5x1_right,5x1,right,3,0.0,0.0,0.0,True
tiny_5x1_right,5x1,right,24,0.0,0.0,0.0,True
tiny_5x1_right,5x1,right,25,0.0,0.0,0.0,True
tiny_5x1_center,5x1,center,0,0.0,0.0,0.0,True
tiny_5x1_center,5x1,center,1,0.0,0.0,0.0,True
tiny_5x1_center,5x1,center,2,0.0,0.0,0.0,True
tiny_5x1_center,5x1,center,3,0.0,0.0,0.0,True
tiny_5x1_center,5x1,center,24,0.0,0.0,0.0,True
tiny_5x1_center,5x1,center,25,0.0,0.0,0.0,True
shape_2x2_top,2x2,top,0,0.0,0.0,0.0,True
shape_2x2_top,2x2,top,1,0.0,0.0,0.0,True
shape_2x2_top,2x2,top,2,9.440014547834608e-09,9.440014436812305e-09,9.440014436812305e-09,True
shape_2x2_top,2x2,top,3,9.440014547834608e-09,9.440014436812305e-09,9.440014436812305e-09,True
shape_2x2_top,2x2,top,24,1.322923742774762e-08,1.3229237399992044e-08,1.3229237399992044e-08,True
shape_2x2_top,2x2,top,25,1.322923742774762e-08,1.3229237399992044e-08,1.3229237399992044e-08,True
shape_2x2_bottom,2x2,bottom,0,0.0,0.0,0.0,True
shape_2x2_bottom,2x2,bottom,1,0.0,0.0,0.0,True
shape_2x2_bottom,2x2,bottom,2,9.440014547834608e-09,9.440014436812305e-09,9.440014436812305e-09,True
shape_2x2_bottom,2x2,bottom,3,9.440014547834608e-09,9.440014436812305e-09,9.440014436812305e-09,True
shape_2x2_bottom,2x2,bottom,24,1.322923742774762e-08,1.3229237399992044e-08,1.3229237399992044e-08,True
shape_2x2_bottom,2x2,bottom,25,1.322923742774762e-08,1.3229237399992044e-08,1.3229237399992044e-08,True
shape_2x2_left,2x2,left,0,0.0,0.0,0.0,True
shape_2x2_left,2x2,left,1,0.0,0.0,0.0,True
shape_2x2_left,2x2,left,2,9.440014492323456e-09,9.44001446456788e-09,9.44001446456788e-09,True
shape_2x2_left,2x2,left,3,9.440014492323456e-09,9.44001446456788e-09,9.44001446456788e-09,True
shape_2x2_left,2x2,left,24,4.6375407403154156e-08,3.1474246181550924e-08,3.482345155852712e-08,True
shape_2x2_left,2x2,left,25,4.6375407403154156e-08,3.1474246181550924e-08,3.482345155852712e-08,True
shape_2x2_right,2x2,right,0,0.0,0.0,0.0,True
shape_2x2_right,2x2,right,1,0.0,0.0,0.0,True
shape_2x2_right,2x2,right,2,9.440014492323456e-09,9.44001446456788e-09,9.44001446456788e-09,True
shape_2x2_right,2x2,right,3,9.440014492323456e-09,9.44001446456788e-09,9.44001446456788e-09,True
shape_2x2_right,2x2,right,24,4.6375407403154156e-08,3.1474246181550924e-08,3.482345155852712e-08,True
shape_2x2_right,2x2,right,25,4.6375407403154156e-08,3.1474246181550924e-08,3.482345155852712e-08,True
shape_2x2_center,2x2,center,0,0.0,0.0,0.0,True
shape_2x2_center,2x2,center,1,0.0,0.0,0.0,True
shape_2x2_center,2x2,center,2,1.2963778467378617e-08,6.481889198994839e-09,7.548102345319484e-09,True
shape_2x2_center,2x2,center,3,1.2963778467378617e-08,6.481889198994839e-09,7.548102345319484e-09,True
shape_2x2_center,2x2,center,24,2.5808881309874465e-08,1.5737123090775462e-08,1.7771292594067968e-08,True
shape_2x2_center,2x2,center,25,2.5808881309874465e-08,1.5737123090775462e-08,1.7771292594067968e-08,True
shape_3x3_top,3x3,top,0,0.0,0.0,0.0,True
shape_3x3_top,3x3,top,1,0.0,0.0,0.0,True
shape_3x3_top,3x3,top,2,9.440014547834608e-09,4.720007236909869e-09,6.093503159954027e-09,True
shape_3x3_top,3x3,top,3,9.440014547834608e-09,4.720007236909869e-09,6.093503159954027e-09,True
shape_3x3_top,3x3,top,24,1.1586234305305254e-08,7.729234594947934e-09,8.223192540337216e-09,True
shape_3x3_top,3x3,top,25,1.1586234305305254e-08,7.729234594947934e-09,8.223192540337216e-09,True
shape_3x3_bottom,3x3,bottom,0,0.0,0.0,0.0,True
shape_3x3_bottom,3x3,bottom,1,0.0,0.0,0.0,True
shape_3x3_bottom,3x3,bottom,2,2.508231511377801e-08,1.150744314652267e-08,1.547294845785139e-08,True
shape_3x3_bottom,3x3,bottom,3,2.508231511377801e-08,1.150744314652267e-08,1.547294845785139e-08,True
shape_3x3_bottom,3x3,bottom,24,1.8216088304434663e-08,9.93918588173178e-09,1.1553466041967595e-08,True
shape_3x3_bottom,3x3,bottom,25,1.8216088304434663e-08,9.93918588173178e-09,1.1553466041967595e-08,True
shape_3x3_left,3x3,left,0,0.0,0.0,0.0,True
shape_3x3_left,3x3,left,1,0.0,0.0,0.0,True
shape_3x3_left,3x3,left,2,9.440014492323456e-09,4.720007236909869e-09,6.09350314562111e-09,True
shape_3x3_left,3x3,left,3,9.440014492323456e-09,4.720007236909869e-09,6.09350314562111e-09,True
shape_3x3_left,3x3,left,24,2.481547162203057e-08,1.4896082802436558e-08,1.6519839017311358e-08,True
shape_3x3_left,3x3,left,25,2.481547162203057e-08,1.4896082802436558e-08,1.6519839017311358e-08,True
shape_3x3_right,3x3,right,0,0.0,0.0,0.0,True
shape_3x3_right,3x3,right,1,0.0,0.0,0.0,True
shape_3x3_right,3x3,right,2,2.508231511377801e-08,1.1507443183530105e-08,1.547294848042955e-08,True
shape_3x3_right,3x3,right,3,2.508231511377801e-08,1.1507443183530105e-08,1.547294848042955e-08,True
shape_3x3_right,3x3,right,24,6.621926351702001e-08,4.9675615731992195e-08,5.443307211265897e-08,True
shape_3x3_right,3x3,right,25,6.621926351702001e-08,4.9675615731992195e-08,5.443307211265897e-08,True
shape_3x3_center,3x3,center,0,0.0,0.0,0.0,True
shape_3x3_center,3x3,center,1,0.0,0.0,0.0,True
shape_3x3_center,3x3,center,2,3.674253168384212e-08,1.385191327073364e-08,1.7967619745854465e-08,True
shape_3x3_center,3x3,center,3,3.674253168384212e-08,1.385191327073364e-08,1.7967619745854465e-08,True
shape_3x3_center,3x3,center,24,6.659494344862793e-08,2.6733781065423223e-08,3.359063207026738e-08,True
shape_3x3_center,3x3,center,25,6.659494344862793e-08,2.6733781065423223e-08,3.359063207026738e-08,True
shape_6x10_top,6x10,top,0,0.0,0.0,0.0,True
shape_6x10_top,6x10,top,1,0.0,0.0,0.0,True
shape_6x10_top,6x10,top,2,2.508231511377801e-08,4.967053712778835e-09,1.041954092946387e-08,True
shape_6x10_top,6x10,top,3,2.508231511377801e-08,4.967053712778835e-09,1.041954092946387e-08,True
shape_6x10_top,6x10,top,24,7.072484220493891e-08,2.7378837188137457e-08,3.4017225561369175e-08,True
shape_6x10_top,6x10,top,25,7.072484220493891e-08,2.7378837188137457e-08,3.4017225561369175e-08,True
shape_6x10_bottom,6x10,bottom,0,0.0,0.0,0.0,True
shape_6x10_bottom,6x10,bottom,1,0.0,0.0,0.0,True
shape_6x10_bottom,6x10,bottom,2,2.508231511377801e-08,4.967053712778835e-09,1.0419540929463868e-08,True
shape_6x10_bottom,6x10,bottom,3,2.508231511377801e-08,4.967053712778835e-09,1.0419540929463868e-08,True
shape_6x10_bottom,6x10,bottom,24,7.072484220493891e-08,2.7378837188137457e-08,3.4017225561369175e-08,True
shape_6x10_bottom,6x10,bottom,25,7.072484220493891e-08,2.7378837188137457e-08,3.4017225561369175e-08,True
shape_6x10_left,6x10,left,0,0.0,0.0,0.0,True
shape_6x10_left,6x10,left,1,0.0,0.0,0.0,True
shape_6x10_left,6x10,left,2,2.508231511377801e-08,2.9802322332184162e-09,8.070941702234398e-09,True
shape_6x10_left,6x10,left,3,2.508231511377801e-08,2.9802322332184162e-09,8.070941702234398e-09,True
shape_6x10_left,6x10,left,24,5.5237280083275664e-08,3.7651866963139825e-08,3.90099726761116e-08,True
shape_6x10_left,6x10,left,25,5.5237280083275664e-08,3.7651866963139825e-08,3.90099726761116e-08,True
shape_6x10_right,6x10,right,0,0.0,0.0,0.0,True
shape_6x10_right,6x10,right,1,0.0,0.0,0.0,True
shape_6x10_right,6x10,right,2,2.508231511377801e-08,2.9802322332184162e-09,8.070941702234398e-09,True
shape_6x10_right,6x10,right,3,2.508231511377801e-08,2.9802322332184162e-09,8.070941702234398e-09,True
shape_6x10_right,6x10,right,24,5.5237280083275664e-08,3.3154410322699944e-08,3.6640778713896546e-08,True
shape_6x10_right,6x10,right,25,5.5237280083275664e-08,3.3154410322699944e-08,3.6640778713896546e-08,True
shape_6x10_center,6x10,center,0,0.0,0.0,0.0,True
shape_6x10_center,6x10,center,1,0.0,0.0,0.0,True
shape_6x10_center,6x10,center,2,3.674253168384212e-08,7.347209133220142e-09,1.352817868184813e-08,True
shape_6x10_center,6x10,center,3,3.674253168384212e-08,7.347209133220142e-09,1.352817868184813e-08,True
shape_6x10_center,6x10,center,24,5.553882254094589e-08,2.0503546302452768e-08,2.477227005447828e-08,True
shape_6x10_center,6x10,center,25,5.553882254094589e-08,2.0503546302452768e-08,2.477227005447828e-08,True
shape_7x9_top,7x9,top,0,0.0,0.0,0.0,True
shape_7x9_top,7x9,top,1,0.0,0.0,0.0,True
shape_7x9_top,7x9,top,2,2.508231511377801e-08,4.257474610953287e-09,9.646620422900424e-09,True
shape_7x9_top,7x9,top,3,2.508231511377801e-08,4.257474610953287e-09,9.646620422900424e-09,True
shape_7x9_top,7x9,top,24,9.625288288628298e-09,6.126914634371364e-09,6.9210796135598255e-09,True
shape_7x9_top,7x9,top,25,9.625288288628298e-09,6.126914634371364e-09,6.9210796135598255e-09,True
shape_7x9_bottom,7x9,bottom,0,0.0,0.0,0.0,True
shape_7x9_bottom,7x9,bottom,1,0.0,0.0,0.0,True
shape_7x9_bottom,7x9,bottom,2,2.508231511377801e-08,4.257474610953287e-09,9.646620422900423e-09,True
shape_7x9_bottom,7x9,bottom,3,2.508231511377801e-08,4.257474610953287e-09,9.646620422900423e-09,True
shape_7x9_bottom,7x9,bottom,24,2.8230720983124513e-08,1.3048564958698502e-08,1.5943105037474636e-08,True
shape_7x9_bottom,7x9,bottom,25,2.8230720983124513e-08,1.3048564958698502e-08,1.5943105037474636e-08,True
shape_7x9_left,7x9,left,0,0.0,0.0,0.0,True
shape_7x9_left,7x9,left,1,0.0,0.0,0.0,True
shape_7x9_left,7x9,left,2,2.508231511377801e-08,3.3113691480204625e-09,8.50751954716573e-09,True
shape_7x9_left,7x9,left,3,2.508231511377801e-08,3.3113691480204625e-09,8.50751954716573e-09,True
shape_7x9_left,7x9,left,24,5.04706072490535e-08,2.3171855255564743e-08,2.869958493289221e-08,True
shape_7x9_left,7x9,left,25,5.04706072490535e-08,2.3171855255564743e-08,2.869958493289221e-08,True
shape_7x9_right,7x9,right,0,0.0,0.0,0.0,True
shape_7x9_right,7x9,right,1,0.0,0.0,0.0,True
shape_7x9_right,7x9,right,2,2.508231511377801e-08,3.3113691480204625e-09,8.50751954716573e-09,True
shape_7x9_right,7x9,right,3,2.508231511377801e-08,3.3113691480204625e-09,8.50751954716573e-09,True
shape_7x9_right,7x9,right,24,6.319308176738758e-08,3.3791339874393124e-08,3.929924565135075e-08,True
shape_7x9_right,7x9,right,25,6.319308176738758e-08,3.3791339874393124e-08,3.929924565135075e-08,True
shape_7x9_center,7x9,center,0,0.0,0.0,0.0,True
shape_7x9_center,7x9,center,1,0.0,0.0,0.0,True
shape_7x9_center,7x9,center,2,3.674253168384212e-08,6.922421284783108e-09,1.3161910958540962e-08,True
shape_7x9_center,7x9,center,3,3.674253168384212e-08,6.922421284783108e-09,1.3161910958540962e-08,True
shape_7x9_center,7x9,center,24,6.185611289843962e-08,2.2694560787066166e-08,2.647437866474772e-08,True
shape_7x9_center,7x9,center,25,6.185611289843962e-08,2.2694560787066166e-08,2.647437866474772e-08,True
shape_8x12_top,8x12,top,0,0.0,0.0,0.0,True
shape_8x12_top,8x12,top,1,0.0,0.0,0.0,True
shape_8x12_top,8x12,top,2,2.508231511377801e-08,3.7252902845841263e-09,9.023587140687432e-09,True
shape_8x12_top,8x12,top,3,2.508231511377801e-08,3.7252902845841263e-09,9.023587140687432e-09,True
shape_8x12_top,8x12,top,24,4.1938235995075956e-08,1.8506575383270274e-08,2.2958814446986798e-08,True
shape_8x12_top,8x12,top,25,4.1938235995075956e-08,1.8506575383270274e-08,2.2958814446986798e-08,True
shape_8x12_bottom,8x12,bottom,0,0.0,0.0,0.0,True
shape_8x12_bottom,8x12,bottom,1,0.0,0.0,0.0,True
shape_8x12_bottom,8x12,bottom,2,2.508231511377801e-08,3.7252902845841263e-09,9.023587140687432e-09,True
shape_8x12_bottom,8x12,bottom,3,2.508231511377801e-08,3.7252902845841263e-09,9.023587140687432e-09,True
shape_8x12_bottom,8x12,bottom,24,4.1938235995075956e-08,1.8506575383270274e-08,2.2958814446986795e-08,True
shape_8x12_bottom,8x12,bottom,25,4.1938235995075956e-08,1.8506575383270274e-08,2.2958814446986795e-08,True
shape_8x12_left,8x12,left,0,0.0,0.0,0.0,True
shape_8x12_left,8x12,left,1,0.0,0.0,0.0,True
shape_8x12_left,8x12,left,2,2.508231511377801e-08,2.483526861015347e-09,7.367728051038206e-09,True
shape_8x12_left,8x12,left,3,2.508231511377801e-08,2.483526861015347e-09,7.367728051038206e-09,True
shape_8x12_left,8x12,left,24,9.78341085366985e-08,3.604633453761311e-08,4.4267515660334866e-08,True
shape_8x12_left,8x12,left,25,9.78341085366985e-08,3.604633453761311e-08,4.4267515660334866e-08,True
shape_8x12_right,8x12,right,0,0.0,0.0,0.0,True
shape_8x12_right,8x12,right,1,0.0,0.0,0.0,True
shape_8x12_right,8x12,right,2,2.508231511377801e-08,2.483526861015347e-09,7.367728051038206e-09,True
shape_8x12_right,8x12,right,3,2.508231511377801e-08,2.483526861015347e-09,7.367728051038206e-09,True
shape_8x12_right,8x12,right,24,5.107304357210296e-08,2.2767424390224278e-08,2.7457325791547353e-08,True
shape_8x12_right,8x12,right,25,5.107304357210296e-08,2.2767424390224278e-08,2.7457325791547353e-08,True
shape_8x12_center,8x12,center,0,0.0,0.0,0.0,True
shape_8x12_center,8x12,center,1,0.0,0.0,0.0,True
shape_8x12_center,8x12,center,2,3.674253168384212e-08,5.587935430923878e-09,1.1774640302512216e-08,True
shape_8x12_center,8x12,center,3,3.674253168384212e-08,5.587935430923878e-09,1.1774640302512216e-08,True
shape_8x12_center,8x12,center,24,6.772926836040583e-08,2.5765460866707574e-08,3.0706639373582636e-08,True
shape_8x12_center,8x12,center,25,6.772926836040583e-08,2.5765460866707574e-08,3.0706639373582636e-08,True
web_right,1x10,right,0,0.0,0.0,0.0,True
web_right,1x10,right,1,0.0,0.0,0.0,True
web_right,1x10,right,2,2.508231511377801e-08,2.9802322332184162e-09,8.070941702234398e-09,True
web_right,1x10,right,3,2.508231511377801e-08,2.9802322332184162e-09,8.070941702234398e-09,True
web_right,1x10,right,24,4.855896418298755e-08,2.8439950933156765e-08,3.241050237681693e-08,True
web_right,1x10,right,25,4.855896418298755e-08,2.8439950933156765e-08,3.241050237681693e-08,True
web_center,6x6,center,0,0.0,0.0,0.0,True
web_center,6x6,center,1,0.0,0.0,0.0,True
web_center,6x6,center,2,3.674253168384212e-08,9.106175799908048e-09,1.527897469064551e-08,True
web_center,6x6,center,3,3.674253168384212e-08,9.106175799908048e-09,1.527897469064551e-08,True
web_center,6x6,center,24,5.534959490738345e-08,1.9495866432042398e-08,2.43884732701076e-08,True
web_center,6x6,center,25,5.534959490738345e-08,1.9495866432042398e-08,2.43884732701076e-08,True
