case_id,shape,bbox,feather_radius,maxae,mae,rmse,passed
web_extent,5x5,"(1, 1, 4, 4)",0,0.0,0.0,0.0,True
web_extent,5x5,"(1, 1, 4, 4)",1,0.0,0.0,0.0,True
web_extent,5x5,"(1, 1, 4, 4)",2,3.674253168384212e-08,1.4423182390643775e-08,1.870735398071483e-08,True
web_extent,5x5,"(1, 1, 4, 4)",3,3.674253168384212e-08,1.4423182390643775e-08,1.870735398071483e-08,True
web_extent,5x5,"(1, 1, 4, 4)",14,7.161487036722036e-08,3.213278386038354e-08,3.6956018851980866e-08,True
web_extent,5x5,"(1, 1, 4, 4)",15,7.161487036722036e-08,3.213278386038354e-08,3.6956018851980866e-08,True
web_extent,5x5,"(1, 1, 4, 4)",25,6.659494344862793e-08,2.3803387678711373e-08,2.978858010549096e-08,True
web_end,5x5,"(1, 0, 4, 4)",0,0.0,0.0,0.0,True
web_end,5x5,"(1, 0, 4, 4)",1,0.0,0.0,0.0,True
web_end,5x5,"(1, 0, 4, 4)",2,3.674253168384212e-08,1.411605710543995e-08,1.785020524494606e-08,True
web_end,5x5,"(1, 0, 4, 4)",3,3.674253168384212e-08,1.411605710543995e-08,1.785020524494606e-08,True
web_end,5x5,"(1, 0, 4, 4)",14,6.862827472975397e-08,2.911759366064359e-08,3.429206718469379e-08,True
web_end,5x5,"(1, 0, 4, 4)",15,6.862827472975397e-08,2.911759366064359e-08,3.429206718469379e-08,True
web_end,5x5,"(1, 0, 4, 4)",25,6.31167133002819e-08,3.2259565676540094e-08,3.9160095988976944e-08,True
rect,4x6,"(1, 1, 5, 3)",0,0.0,0.0,0.0,True
rect,4x6,"(1, 1, 5, 3)",1,0.0,0.0,0.0,True
rect,4x6,"(1, 1, 5, 3)",2,3.674253168384212e-08,1.5024148314335406e-08,1.9093113199748627e-08,True
rect,4x6,"(1, 1, 5, 3)",3,3.674253168384212e-08,1.5024148314335406e-08,1.9093113199748627e-08,True
rect,4x6,"(1, 1, 5, 3)",14,4.6016438104423685e-08,2.574911397064857e-08,2.873172772933807e-08,True
rect,4x6,"(1, 1, 5, 3)",15,4.6016438104423685e-08,2.574911397064857e-08,2.873172772933807e-08,True
rect,4x6,"(1, 1, 5, 3)",25,6.151641818163966e-08,2.7946114237546265e-08,3.367842167876807e-08,True
clip_tl,4x6,"(-2, -1, 3, 2)",0,0.0,0.0,0.0,True
clip_tl,4x6,"(-2, -1, 3, 2)",1,0.0,0.0,0.0,True
clip_tl,4x6,"(-2, -1, 3, 2)",2,3.674253168384212e-08,5.587935430923878e-09,1.1774640302512216e-08,True
clip_tl,4x6,"(-2, -1, 3, 2)",3,3.674253168384212e-08,5.587935430923878e-09,1.1774640302512216e-08,True
clip_tl,4x6,"(-2, -1, 3, 2)",14,3.6123165403356694e-08,1.0977867699370666e-08,1.3580249958389434e-08,True
clip_tl,4x6,"(-2, -1, 3, 2)",15,3.6123165403356694e-08,1.0977867699370666e-08,1.3580249958389434e-08,True
clip_tl,4x6,"(-2, -1, 3, 2)",25,2.894212697279741e-08,1.1114134251810626e-08,1.3617026723469265e-08,True
clip_br,4x6,"(4, 2, 9, 8)",0,0.0,0.0,0.0,True
clip_br,4x6,"(4, 2, 9, 8)",1,0.0,0.0,0.0,True
clip_br,4x6,"(4, 2, 9, 8)",2,3.674253168384212e-08,4.346172002729169e-09,1.0559377157690306e-08,True
clip_br,4x6,"(4, 2, 9, 8)",3,3.674253168384212e-08,4.346172002729169e-09,1.0559377157690306e-08,True
clip_br,4x6,"(4, 2, 9, 8)",14,1.6007655867511517e-08,6.832461577991704e-09,8.066530953888567e-09,True
clip_br,4x6,"(4, 2, 9, 8)",15,1.6007655867511517e-08,6.832461577991704e-09,8.066530953888567e-09,True
clip_br,4x6,"(4, 2, 9, 8)",25,2.935278964333321e-08,1.0596355647096711e-08,1.3068116429961642e-08,True
full,4x6,"(-5, -5, 10, 10)",0,0.0,0.0,0.0,True
full,4x6,"(-5, -5, 10, 10)",1,0.0,0.0,0.0,True
full,4x6,"(-5, -5, 10, 10)",2,0.0,0.0,0.0,True
full,4x6,"(-5, -5, 10, 10)",3,0.0,0.0,0.0,True
full,4x6,"(-5, -5, 10, 10)",14,3.3306690738754696e-16,3.3306690738754696e-16,3.3306690738754696e-16,True
full,4x6,"(-5, -5, 10, 10)",15,3.3306690738754696e-16,3.3306690738754696e-16,3.3306690738754696e-16,True
full,4x6,"(-5, -5, 10, 10)",25,0.0,0.0,0.0,True
pixel,4x6,"(5, 3, 6, 4)",0,0.0,0.0,0.0,True
pixel,4x6,"(5, 3, 6, 4)",1,0.0,0.0,0.0,True
pixel,4x6,"(5, 3, 6, 4)",2,1.2963778467378617e-08,7.486085426324415e-10,2.7115158316680668e-09,True
pixel,4x6,"(5, 3, 6, 4)",3,1.2963778467378617e-08,7.486085426324415e-10,2.7115158316680668e-09,True
pixel,4x6,"(5, 3, 6, 4)",14,3.1065483345471545e-09,8.417897996859889e-10,1.0790312436561661e-09,True
pixel,4x6,"(5, 3, 6, 4)",15,3.1065483345471545e-09,8.417897996859889e-10,1.0790312436561661e-09,True
pixel,4x6,"(5, 3, 6, 4)",25,1.7304193945799629e-09,5.689076255805762e-10,6.976767248031711e-10,True
outside_right,4x6,"(6, 0, 9, 3)",0,0.0,0.0,0.0,True
outside_right,4x6,"(6, 0, 9, 3)",1,0.0,0.0,0.0,True
outside_right,4x6,"(6, 0, 9, 3)",2,0.0,0.0,0.0,True
outside_right,4x6,"(6, 0, 9, 3)",3,0.0,0.0,0.0,True
outside_right,4x6,"(6, 0, 9, 3)",14,0.0,0.0,0.0,True
outside_right,4x6,"(6, 0, 9, 3)",15,0.0,0.0,0.0,True
outside_right,4x6,"(6, 0, 9, 3)",25,0.0,0.0,0.0,True
outside_left,4x6,"(-3, 0, -1, 3)",0,0.0,0.0,0.0,True
outside_left,4x6,"(-3, 0, -1, 3)",1,0.0,0.0,0.0,True
outside_left,4x6,"(-3, 0, -1, 3)",2,0.0,0.0,0.0,True
outside_left,4x6,"(-3, 0, -1, 3)",3,0.0,0.0,0.0,True
outside_left,4x6,"(-3, 0, -1, 3)",14,0.0,0.0,0.0,True
outside_left,4x6,"(-3, 0, -1, 3)",15,0.0,0.0,0.0,True
outside_left,4x6,"(-3, 0, -1, 3)",25,0.0,0.0,0.0,True
outside_bottom,4x6,"(0, 4, 3, 6)",0,0.0,0.0,0.0,True
outside_bottom,4x6,"(0, 4, 3, 6)",1,0.0,0.0,0.0,True
outside_bottom,4x6,"(0, 4, 3, 6)",2,0.0,0.0,0.0,True
outside_bottom,4x6,"(0, 4, 3, 6)",3,0.0,0.0,0.0,True
outside_bottom,4x6,"(0, 4, 3, 6)",14,0.0,0.0,0.0,True
outside_bottom,4x6,"(0, 4, 3, 6)",15,0.0,0.0,0.0,True
outside_bottom,4x6,"(0, 4, 3, 6)",25,0.0,0.0,0.0,True
outside_top,4x6,"(0, -3, 3, -1)",0,0.0,0.0,0.0,True
outside_top,4x6,"(0, -3, 3, -1)",1,0.0,0.0,0.0,True
outside_top,4x6,"(0, -3, 3, -1)",2,0.0,0.0,0.0,True
outside_top,4x6,"(0, -3, 3, -1)",3,0.0,0.0,0.0,True
outside_top,4x6,"(0, -3, 3, -1)",14,0.0,0.0,0.0,True
outside_top,4x6,"(0, -3, 3, -1)",15,0.0,0.0,0.0,True
outside_top,4x6,"(0, -3, 3, -1)",25,0.0,0.0,0.0,True
empty_x,4x6,"(2, 1, 2, 3)",0,0.0,0.0,0.0,True
empty_x,4x6,"(2, 1, 2, 3)",1,0.0,0.0,0.0,True
empty_x,4x6,"(2, 1, 2, 3)",2,0.0,0.0,0.0,True
empty_x,4x6,"(2, 1, 2, 3)",3,0.0,0.0,0.0,True
empty_x,4x6,"(2, 1, 2, 3)",14,0.0,0.0,0.0,True
empty_x,4x6,"(2, 1, 2, 3)",15,0.0,0.0,0.0,True
empty_x,4x6,"(2, 1, 2, 3)",25,0.0,0.0,0.0,True
empty_y,4x6,"(1, 2, 4, 2)",0,0.0,0.0,0.0,True
empty_y,4x6,"(1, 2, 4, 2)",1,0.0,0.0,0.0,True
empty_y,4x6,"(1, 2, 4, 2)",2,0.0,0.0,0.0,True
empty_y,4x6,"(1, 2, 4, 2)",3,0.0,0.0,0.0,True
empty_y,4x6,"(1, 2, 4, 2)",14,0.0,0.0,0.0,True
empty_y,4x6,"(1, 2, 4, 2)",15,0.0,0.0,0.0,True
empty_y,4x6,"(1, 2, 4, 2)",25,0.0,0.0,0.0,True
empty_point,4x6,"(1, 1, 1, 1)",0,0.0,0.0,0.0,True
empty_point,4x6,"(1, 1, 1, 1)",1,0.0,0.0,0.0,True
empty_point,4x6,"(1, 1, 1, 1)",2,0.0,0.0,0.0,True
empty_point,4x6,"(1, 1, 1, 1)",3,0.0,0.0,0.0,True
empty_point,4x6,"(1, 1, 1, 1)",14,0.0,0.0,0.0,True
empty_point,4x6,"(1, 1, 1, 1)",15,0.0,0.0,0.0,True
empty_point,4x6,"(1, 1, 1, 1)",25,0.0,0.0,0.0,True
tiny,1x1,"(0, 0, 1, 1)",0,0.0,0.0,0.0,True
tiny,1x1,"(0, 0, 1, 1)",1,0.0,0.0,0.0,True
tiny,1x1,"(0, 0, 1, 1)",2,0.0,0.0,0.0,True
tiny,1x1,"(0, 0, 1, 1)",3,0.0,0.0,0.0,True
tiny,1x1,"(0, 0, 1, 1)",14,3.3306690738754696e-16,3.3306690738754696e-16,3.3306690738754696e-16,True
tiny,1x1,"(0, 0, 1, 1)",15,3.3306690738754696e-16,3.3306690738754696e-16,3.3306690738754696e-16,True
tiny,1x1,"(0, 0, 1, 1)",25,0.0,0.0,0.0,True
row,1x5,"(1, 0, 4, 1)",0,0.0,0.0,0.0,True
row,1x5,"(1, 0, 4, 1)",1,0.0,0.0,0.0,True
row,1x5,"(1, 0, 4, 1)",2,2.508231511377801e-08,1.3808931820236126e-08,1.6949765827693095e-08,True
row,1x5,"(1, 0, 4, 1)",3,2.508231511377801e-08,1.3808931820236126e-08,1.6949765827693095e-08,True
row,1x5,"(1, 0, 4, 1)",14,2.939864418571858e-08,2.1258784443922708e-08,2.2275420761905968e-08,True
row,1x5,"(1, 0, 4, 1)",15,2.939864418571858e-08,2.1258784443922708e-08,2.2275420761905968e-08,True
row,1x5,"(1, 0, 4, 1)",25,5.299002603376124e-08,2.9479815832900157e-08,3.550888941170394e-08,True
column,5x1,"(0, 1, 1, 4)",0,0.0,0.0,0.0,True
column,5x1,"(0, 1, 1, 4)",1,0.0,0.0,0.0,True
column,5x1,"(0, 1, 1, 4)",2,2.508231511377801e-08,1.3808931775827205e-08,1.6949765802959958e-08,True
column,5x1,"(0, 1, 1, 4)",3,2.508231511377801e-08,1.3808931775827205e-08,1.6949765802959958e-08,True
column,5x1,"(0, 1, 1, 4)",14,2.9398644296740883e-08,2.125878451053609e-08,2.2275420835761206e-08,True
column,5x1,"(0, 1, 1, 4)",15,2.9398644296740883e-08,2.125878451053609e-08,2.2275420835761206e-08,True
column,5x1,"(0, 1, 1, 4)",25,1.8216088304434663e-08,1.0929652916047416e-08,1.2458144207642088e-08,True
random_000,17x23,"(-10, 0, 16, 25)",0,0.0,0.0,0.0,True
random_000,17x23,"(-10, 0, 16, 25)",1,0.0,0.0,0.0,True
random_000,17x23,"(-10, 0, 16, 25)",2,2.508231511377801e-08,1.2957531448775721e-09,5.3218213603691165e-09,True
random_000,17x23,"(-10, 0, 16, 25)",3,2.508231511377801e-08,1.2957531448775721e-09,5.3218213603691165e-09,True
random_000,17x23,"(-10, 0, 16, 25)",14,1.1454386061870991e-07,4.7734147154300584e-08,5.8117825744834913e-08,True
random_000,17x23,"(-10, 0, 16, 25)",15,1.1454386061870991e-07,4.7734147154300584e-08,5.8117825744834913e-08,True
random_000,17x23,"(-10, 0, 16, 25)",25,1.378235001681105e-07,4.025768325945633e-08,5.713542035009553e-08,True
random_001,17x23,"(-3, 3, 4, 11)",0,0.0,0.0,0.0,True
random_001,17x23,"(-3, 3, 4, 11)",1,0.0,0.0,0.0,True
random_001,17x23,"(-3, 3, 4, 11)",2,3.674253168384212e-08,1.1433115973565954e-09,5.197685251271879e-09,True
random_001,17x23,"(-3, 3, 4, 11)",3,3.674253168384212e-08,1.1433115973565954e-09,5.197685251271879e-09,True
random_001,17x23,"(-3, 3, 4, 11)",14,5.4235015034542755e-08,4.369354480155889e-09,9.517824686197808e-09,True
random_001,17x23,"(-3, 3, 4, 11)",15,5.4235015034542755e-08,4.369354480155889e-09,9.517824686197808e-09,True
random_001,17x23,"(-3, 3, 4, 11)",25,4.976973161374687e-08,5.015620249068021e-09,8.643581741379611e-09,True
random_002,17x23,"(8, 15, 28, 35)",0,0.0,0.0,0.0,True
random_002,17x23,"(8, 15, 28, 35)",1,0.0,0.0,0.0,True
random_002,17x23,"(8, 15, 28, 35)",2,3.674253168384212e-08,1.2576427561694353e-09,5.338712473282333e-09,True
random_002,17x23,"(8, 15, 28, 35)",3,3.674253168384212e-08,1.2576427561694353e-09,5.338712473282333e-09,True
random_002,17x23,"(8, 15, 28, 35)",14,3.1991510857087846e-08,4.179351578792593e-09,8.68156726805944e-09,True
random_002,17x23,"(8, 15, 28, 35)",15,3.1991510857087846e-08,4.179351578792593e-09,8.68156726805944e-09,True
random_002,17x23,"(8, 15, 28, 35)",25,1.7903507953942466e-08,2.369492245134152e-09,3.703838901710766e-09,True
random_003,17x23,"(-8, 9, 8, 32)",0,0.0,0.0,0.0,True
random_003,17x23,"(-8, 9, 8, 32)",1,0.0,0.0,0.0,True
random_003,17x23,"(-8, 9, 8, 32)",2,3.674253168384212e-08,1.1814219839351486e-09,5.180334320339426e-09,True
random_003,17x23,"(-8, 9, 8, 32)",3,3.674253168384212e-08,1.1814219839351486e-09,5.180334320339426e-09,True
random_003,17x23,"(-8, 9, 8, 32)",14,1.1454386061870991e-07,1.1607134088657821e-08,2.4761251992350154e-08,True
random_003,17x23,"(-8, 9, 8, 32)",15,1.1454386061870991e-07,1.1607134088657821e-08,2.4761251992350154e-08,True
random_003,17x23,"(-8, 9, 8, 32)",25,9.15245835231282e-08,1.3024141721282706e-08,2.157490455085292e-08,True
random_004,17x23,"(20, -3, 31, 13)",0,0.0,0.0,0.0,True
random_004,17x23,"(20, -3, 31, 13)",1,0.0,0.0,0.0,True
random_004,17x23,"(20, -3, 31, 13)",2,3.674253168384212e-08,1.1814219846450097e-09,5.180334320986209e-09,True
random_004,17x23,"(20, -3, 31, 13)",3,3.674253168384212e-08,1.1814219846450097e-09,5.180334320986209e-09,True
random_004,17x23,"(20, -3, 31, 13)",14,4.2596775884362614e-08,3.3787900766045183e-09,7.2145947726131686e-09,True
random_004,17x23,"(20, -3, 31, 13)",15,4.2596775884362614e-08,3.3787900766045183e-09,7.2145947726131686e-09,True
random_004,17x23,"(20, -3, 31, 13)",25,4.317389895591717e-08,5.767385554237138e-09,9.621450627933532e-09,True
random_005,17x23,"(-1, 5, 16, 20)",0,0.0,0.0,0.0,True
random_005,17x23,"(-1, 5, 16, 20)",1,0.0,0.0,0.0,True
random_005,17x23,"(-1, 5, 16, 20)",2,3.674253168384212e-08,2.09607126153648e-09,6.843077538291452e-09,True
random_005,17x23,"(-1, 5, 16, 20)",3,3.674253168384212e-08,2.09607126153648e-09,6.843077538291452e-09,True
random_005,17x23,"(-1, 5, 16, 20)",14,1.1454386061870991e-07,3.294975173450607e-08,4.316650469818049e-08,True
random_005,17x23,"(-1, 5, 16, 20)",15,1.1454386061870991e-07,3.294975173450607e-08,4.316650469818049e-08,True
random_005,17x23,"(-1, 5, 16, 20)",25,1.5175759360275265e-07,3.440084085574018e-08,4.6849604295715506e-08,True
random_006,17x23,"(-4, -6, 12, 5)",0,0.0,0.0,0.0,True
random_006,17x23,"(-4, -6, 12, 5)",1,0.0,0.0,0.0,True
random_006,17x23,"(-4, -6, 12, 5)",2,3.674253168384212e-08,1.257642756595352e-09,5.338712473658889e-09,True
random_006,17x23,"(-4, -6, 12, 5)",3,3.674253168384212e-08,1.257642756595352e-09,5.338712473658889e-09,True
random_006,17x23,"(-4, -6, 12, 5)",14,9.443174486811756e-08,1.022817188228284e-08,1.977690936869854e-08,True
random_006,17x23,"(-4, -6, 12, 5)",15,9.443174486811756e-08,1.022817188228284e-08,1.977690936869854e-08,True
random_006,17x23,"(-4, -6, 12, 5)",25,6.520181150548865e-08,1.1703174898582343e-08,1.756271396419251e-08,True
random_007,17x23,"(2, 0, 20, 18)",0,0.0,0.0,0.0,True
random_007,17x23,"(2, 0, 20, 18)",1,0.0,0.0,0.0,True
random_007,17x23,"(2, 0, 20, 18)",2,2.508231511377801e-08,2.5915062897551443e-09,7.526191944360838e-09,True
random_007,17x23,"(2, 0, 20, 18)",3,2.508231511377801e-08,2.5915062897551443e-09,7.526191944360838e-09,True
random_007,17x23,"(2, 0, 20, 18)",14,1.104187484779473e-07,5.077822103373974e-08,5.867300378657437e-08,True
random_007,17x23,"(2, 0, 20, 18)",15,1.104187484779473e-07,5.077822103373974e-08,5.867300378657437e-08,True
random_007,17x23,"(2, 0, 20, 18)",25,1.006729006824969e-07,4.262564956558634e-08,5.098646603756442e-08,True
random_008,17x23,"(14, 23, 35, 31)",0,0.0,0.0,0.0,True
random_008,17x23,"(14, 23, 35, 31)",1,0.0,0.0,0.0,True
random_008,17x23,"(14, 23, 35, 31)",2,0.0,0.0,0.0,True
random_008,17x23,"(14, 23, 35, 31)",3,0.0,0.0,0.0,True
random_008,17x23,"(14, 23, 35, 31)",14,0.0,0.0,0.0,True
random_008,17x23,"(14, 23, 35, 31)",15,0.0,0.0,0.0,True
random_008,17x23,"(14, 23, 35, 31)",25,0.0,0.0,0.0,True
random_009,17x23,"(-4, 9, 2, 30)",0,0.0,0.0,0.0,True
random_009,17x23,"(-4, 9, 2, 30)",1,0.0,0.0,0.0,True
random_009,17x23,"(-4, 9, 2, 30)",2,3.674253168384212e-08,7.240973454184271e-10,4.10364964523968e-09,True
random_009,17x23,"(-4, 9, 2, 30)",3,3.674253168384212e-08,7.240973454184271e-10,4.10364964523968e-09,True
random_009,17x23,"(-4, 9, 2, 30)",14,1.8438027771239263e-08,1.2926911424452294e-09,3.2034815449923043e-09,True
random_009,17x23,"(-4, 9, 2, 30)",15,1.8438027771239263e-08,1.2926911424452294e-09,3.2034815449923043e-09,True
random_009,17x23,"(-4, 9, 2, 30)",25,1.6936072599893492e-08,1.8407461410309272e-09,3.359125844404116e-09,True
random_010,17x23,"(-12, 14, 17, 30)",0,0.0,0.0,0.0,True
random_010,17x23,"(-12, 14, 17, 30)",1,0.0,0.0,0.0,True
random_010,17x23,"(-12, 14, 17, 30)",2,3.674253168384212e-08,1.486305075569768e-09,5.787902254144067e-09,True
random_010,17x23,"(-12, 14, 17, 30)",3,3.674253168384212e-08,1.486305075569768e-09,5.787902254144067e-09,True
random_010,17x23,"(-12, 14, 17, 30)",14,5.325267221634178e-08,7.181602177249988e-09,1.2821938321860212e-08,True
random_010,17x23,"(-12, 14, 17, 30)",15,5.325267221634178e-08,7.181602177249988e-09,1.2821938321860212e-08,True
random_010,17x23,"(-12, 14, 17, 30)",25,4.042873424925375e-08,8.038349531270682e-09,1.1149651858002942e-08,True
random_011,17x23,"(30, 6, 35, 28)",0,0.0,0.0,0.0,True
random_011,17x23,"(30, 6, 35, 28)",1,0.0,0.0,0.0,True
random_011,17x23,"(30, 6, 35, 28)",2,0.0,0.0,0.0,True
random_011,17x23,"(30, 6, 35, 28)",3,0.0,0.0,0.0,True
random_011,17x23,"(30, 6, 35, 28)",14,0.0,0.0,0.0,True
random_011,17x23,"(30, 6, 35, 28)",15,0.0,0.0,0.0,True
random_011,17x23,"(30, 6, 35, 28)",25,0.0,0.0,0.0,True
random_012,17x23,"(-12, 23, -2, 34)",0,0.0,0.0,0.0,True
random_012,17x23,"(-12, 23, -2, 34)",1,0.0,0.0,0.0,True
random_012,17x23,"(-12, 23, -2, 34)",2,0.0,0.0,0.0,True
random_012,17x23,"(-12, 23, -2, 34)",3,0.0,0.0,0.0,True
random_012,17x23,"(-12, 23, -2, 34)",14,0.0,0.0,0.0,True
random_012,17x23,"(-12, 23, -2, 34)",15,0.0,0.0,0.0,True
random_012,17x23,"(-12, 23, -2, 34)",25,0.0,0.0,0.0,True
random_013,17x23,"(-7, -4, -3, 9)",0,0.0,0.0,0.0,True
random_013,17x23,"(-7, -4, -3, 9)",1,0.0,0.0,0.0,True
random_013,17x23,"(-7, -4, -3, 9)",2,0.0,0.0,0.0,True
random_013,17x23,"(-7, -4, -3, 9)",3,0.0,0.0,0.0,True
random_013,17x23,"(-7, -4, -3, 9)",14,0.0,0.0,0.0,True
random_013,17x23,"(-7, -4, -3, 9)",15,0.0,0.0,0.0,True
random_013,17x23,"(-7, -4, -3, 9)",25,0.0,0.0,0.0,True
random_014,17x23,"(-1, -8, 29, 9)",0,0.0,0.0,0.0,True
random_014,17x23,"(-1, -8, 29, 9)",1,0.0,0.0,0.0,True
random_014,17x23,"(-1, -8, 29, 9)",2,2.508231511377801e-08,1.7530777809807652e-09,6.190129710152126e-09,True
random_014,17x23,"(-1, -8, 29, 9)",3,2.508231511377801e-08,1.7530777809807652e-09,6.190129710152126e-09,True
random_014,17x23,"(-1, -8, 29, 9)",14,1.1920928921771434e-07,4.051134086006378e-08,5.119423840726776e-08,True
random_014,17x23,"(-1, -8, 29, 9)",15,1.1920928921771434e-07,4.051134086006378e-08,5.119423840726776e-08,True
random_014,17x23,"(-1, -8, 29, 9)",25,7.287465197958198e-08,1.9038577580467748e-08,2.5761461853224328e-08,True
random_015,17x23,"(0, -12, 7, 30)",0,0.0,0.0,0.0,True
random_015,17x23,"(0, -12, 7, 30)",1,0.0,0.0,0.0,True
random_015,17x23,"(0, -12, 7, 30)",2,2.508231511377801e-08,1.2957531448775721e-09,5.3218213603691165e-09,True
random_015,17x23,"(0, -12, 7, 30)",3,2.508231511377801e-08,1.2957531448775721e-09,5.3218213603691165e-09,True
random_015,17x23,"(0, -12, 7, 30)",14,1.1454386061870991e-07,1.9198306968929e-08,3.830299187712016e-08,True
random_015,17x23,"(0, -12, 7, 30)",15,1.1454386061870991e-07,1.9198306968929e-08,3.830299187712016e-08,True
random_015,17x23,"(0, -12, 7, 30)",25,8.221115777029553e-08,2.1499384458109977e-08,3.4431446322958154e-08,True
random_016,17x23,"(10, 11, 26, 24)",0,0.0,0.0,0.0,True
random_016,17x23,"(10, 11, 26, 24)",1,0.0,0.0,0.0,True
random_016,17x23,"(10, 11, 26, 24)",2,3.674253168384212e-08,1.4100843029095647e-09,5.642147224028411e-09,True
random_016,17x23,"(10, 11, 26, 24)",3,3.674253168384212e-08,1.4100843029095647e-09,5.642147224028411e-09,True
random_016,17x23,"(10, 11, 26, 24)",14,1.104187484779473e-07,1.3841122534146003e-08,2.7711958974171243e-08,True
random_016,17x23,"(10, 11, 26, 24)",15,1.104187484779473e-07,1.3841122534146003e-08,2.7711958974171243e-08,True
random_016,17x23,"(10, 11, 26, 24)",25,8.191402944834891e-08,9.42244136553287e-09,1.5350999322985845e-08,True
random_017,17x23,"(2, -3, 5, 29)",0,0.0,0.0,0.0,True
random_017,17x23,"(2, -3, 5, 29)",1,0.0,0.0,0.0,True
random_017,17x23,"(2, -3, 5, 29)",2,2.508231511377801e-08,2.5915062897551443e-09,7.526191944360838e-09,True
random_017,17x23,"(2, -3, 5, 29)",3,2.508231511377801e-08,2.5915062897551443e-09,7.526191944360838e-09,True
random_017,17x23,"(2, -3, 5, 29)",14,3.784886609681237e-08,6.3799204934745154e-09,1.2242650447908526e-08,True
random_017,17x23,"(2, -3, 5, 29)",15,3.784886609681237e-08,6.3799204934745154e-09,1.2242650447908526e-08,True
random_017,17x23,"(2, -3, 5, 29)",25,5.041645989578569e-08,1.1084157716667598e-08,1.873229827553214e-08,True
random_018,17x23,"(-3, -10, 16, 8)",0,0.0,0.0,0.0,True
random_018,17x23,"(-3, -10, 16, 8)",1,0.0,0.0,0.0,True
random_018,17x23,"(-3, -10, 16, 8)",2,3.674253168384212e-08,1.7911881686241104e-09,6.33748856803447e-09,True
random_018,17x23,"(-3, -10, 16, 8)",3,3.674253168384212e-08,1.7911881686241104e-09,6.33748856803447e-09,True
random_018,17x23,"(-3, -10, 16, 8)",14,1.1454386061870991e-07,2.194798558085772e-08,3.276153277041851e-08,True
random_018,17x23,"(-3, -10, 16, 8)",15,1.1454386061870991e-07,2.194798558085772e-08,3.276153277041851e-08,True
random_018,17x23,"(-3, -10, 16, 8)",25,9.998877548156315e-08,2.1506514953082514e-08,2.978074132075027e-08,True
random_019,17x23,"(10, 14, 14, 24)",0,0.0,0.0,0.0,True
random_019,17x23,"(10, 14, 14, 24)",1,0.0,0.0,0.0,True
random_019,17x23,"(10, 14, 14, 24)",2,3.674253168384212e-08,6.859869585559295e-10,4.1255313244475525e-09,True
random_019,17x23,"(10, 14, 14, 24)",3,3.674253168384212e-08,6.859869585559295e-10,4.1255313244475525e-09,True
random_019,17x23,"(10, 14, 14, 24)",14,1.6741745156867438e-08,1.1184100861278419e-09,2.6635851174072562e-09,True
random_019,17x23,"(10, 14, 14, 24)",15,1.6741745156867438e-08,1.1184100861278419e-09,2.6635851174072562e-09,True
random_019,17x23,"(10, 14, 14, 24)",25,6.095262114480526e-09,1.3012839118374063e-09,1.8857438105587336e-09,True
random_020,17x23,"(8, -1, 34, 31)",0,0.0,0.0,0.0,True
random_020,17x23,"(8, -1, 34, 31)",1,0.0,0.0,0.0,True
random_020,17x23,"(8, -1, 34, 31)",2,2.508231511377801e-08,1.2957531448775721e-09,5.3218213603691165e-09,True
random_020,17x23,"(8, -1, 34, 31)",3,2.508231511377801e-08,1.2957531448775721e-09,5.3218213603691165e-09,True
random_020,17x23,"(8, -1, 34, 31)",14,1.1920928921771434e-07,4.949460023531814e-08,7.036086495875866e-08,True
random_020,17x23,"(8, -1, 34, 31)",15,1.1920928921771434e-07,4.949460023531814e-08,7.036086495875866e-08,True
random_020,17x23,"(8, -1, 34, 31)",25,9.100826536823092e-08,3.1307588528896854e-08,4.312249102943505e-08,True
random_021,17x23,"(-11, -4, 0, 5)",0,0.0,0.0,0.0,True
random_021,17x23,"(-11, -4, 0, 5)",1,0.0,0.0,0.0,True
random_021,17x23,"(-11, -4, 0, 5)",2,0.0,0.0,0.0,True
random_021,17x23,"(-11, -4, 0, 5)",3,0.0,0.0,0.0,True
random_021,17x23,"(-11, -4, 0, 5)",14,0.0,0.0,0.0,True
random_021,17x23,"(-11, -4, 0, 5)",15,0.0,0.0,0.0,True
random_021,17x23,"(-11, -4, 0, 5)",25,0.0,0.0,0.0,True
random_022,17x23,"(30, 19, 30, 24)",0,0.0,0.0,0.0,True
random_022,17x23,"(30, 19, 30, 24)",1,0.0,0.0,0.0,True
random_022,17x23,"(30, 19, 30, 24)",2,0.0,0.0,0.0,True
random_022,17x23,"(30, 19, 30, 24)",3,0.0,0.0,0.0,True
random_022,17x23,"(30, 19, 30, 24)",14,0.0,0.0,0.0,True
random_022,17x23,"(30, 19, 30, 24)",15,0.0,0.0,0.0,True
random_022,17x23,"(30, 19, 30, 24)",25,0.0,0.0,0.0,True
random_023,17x23,"(-7, 7, 32, 17)",0,0.0,0.0,0.0,True
random_023,17x23,"(-7, 7, 32, 17)",1,0.0,0.0,0.0,True
random_023,17x23,"(-7, 7, 32, 17)",2,2.508231511377801e-08,1.7530777809807652e-09,6.190129710152126e-09,True
random_023,17x23,"(-7, 7, 32, 17)",3,2.508231511377801e-08,1.7530777809807652e-09,6.190129710152126e-09,True
random_023,17x23,"(-7, 7, 32, 17)",14,1.1920928921771434e-07,4.532145559358941e-08,5.498641056770992e-08,True
random_023,17x23,"(-7, 7, 32, 17)",15,1.1920928921771434e-07,4.532145559358941e-08,5.498641056770992e-08,True
random_023,17x23,"(-7, 7, 32, 17)",25,4.600941949650661e-08,1.5161714014996283e-08,2.0359883816898983e-08,True
random_024,17x23,"(15, 18, 19, 29)",0,0.0,0.0,0.0,True
random_024,17x23,"(15, 18, 19, 29)",1,0.0,0.0,0.0,True
random_024,17x23,"(15, 18, 19, 29)",2,0.0,0.0,0.0,True
random_024,17x23,"(15, 18, 19, 29)",3,0.0,0.0,0.0,True
random_024,17x23,"(15, 18, 19, 29)",14,0.0,0.0,0.0,True
random_024,17x23,"(15, 18, 19, 29)",15,0.0,0.0,0.0,True
random_024,17x23,"(15, 18, 19, 29)",25,0.0,0.0,0.0,True
random_025,17x23,"(10, -2, 18, 29)",0,0.0,0.0,0.0,True
random_025,17x23,"(10, -2, 18, 29)",1,0.0,0.0,0.0,True
random_025,17x23,"(10, -2, 18, 29)",2,2.508231511377801e-08,2.5915062897551443e-09,7.526191944360838e-09,True
random_025,17x23,"(10, -2, 18, 29)",3,2.508231511377801e-08,2.5915062897551443e-09,7.526191944360838e-09,True
random_025,17x23,"(10, -2, 18, 29)",14,8.577258725495085e-08,1.6093657137023175e-08,2.6081581406918585e-08,True
random_025,17x23,"(10, -2, 18, 29)",15,8.577258725495085e-08,1.6093657137023175e-08,2.6081581406918585e-08,True
random_025,17x23,"(10, -2, 18, 29)",25,5.941172454004828e-08,2.082224296607726e-08,2.6996011294488626e-08,True
random_026,17x23,"(4, -9, 23, 13)",0,0.0,0.0,0.0,True
random_026,17x23,"(4, -9, 23, 13)",1,0.0,0.0,0.0,True
random_026,17x23,"(4, -9, 23, 13)",2,3.674253168384212e-08,2.4009543540229336e-09,7.313799220388113e-09,True
random_026,17x23,"(4, -9, 23, 13)",3,3.674253168384212e-08,2.4009543540229336e-09,7.313799220388113e-09,True
random_026,17x23,"(4, -9, 23, 13)",14,1.1920928921771434e-07,4.6179341721561095e-08,5.918573754720138e-08,True
random_026,17x23,"(4, -9, 23, 13)",15,1.1920928921771434e-07,4.6179341721561095e-08,5.918573754720138e-08,True
random_026,17x23,"(4, -9, 23, 13)",25,1.5175759360275265e-07,2.9998991521927187e-08,3.9196613648658714e-08,True
random_027,17x23,"(-10, -12, 22, 0)",0,0.0,0.0,0.0,True
random_027,17x23,"(-10, -12, 22, 0)",1,0.0,0.0,0.0,True
random_027,17x23,"(-10, -12, 22, 0)",2,0.0,0.0,0.0,True
random_027,17x23,"(-10, -12, 22, 0)",3,0.0,0.0,0.0,True
random_027,17x23,"(-10, -12, 22, 0)",14,0.0,0.0,0.0,True
random_027,17x23,"(-10, -12, 22, 0)",15,0.0,0.0,0.0,True
random_027,17x23,"(-10, -12, 22, 0)",25,0.0,0.0,0.0,True
random_028,17x23,"(11, 6, 29, 17)",0,0.0,0.0,0.0,True
random_028,17x23,"(11, 6, 29, 17)",1,0.0,0.0,0.0,True
random_028,17x23,"(11, 6, 29, 17)",2,3.674253168384212e-08,1.714967395963907e-09,6.204657455819228e-09,True
random_028,17x23,"(11, 6, 29, 17)",3,3.674253168384212e-08,1.714967395963907e-09,6.204657455819228e-09,True
random_028,17x23,"(11, 6, 29, 17)",14,1.1920928921771434e-07,2.4789365865327785e-08,4.312975416278479e-08,True
random_028,17x23,"(11, 6, 29, 17)",15,1.1920928921771434e-07,2.4789365865327785e-08,4.312975416278479e-08,True
random_028,17x23,"(11, 6, 29, 17)",25,1.7099882332338723e-07,2.17732762843864e-08,3.5242515784692885e-08,True
random_029,17x23,"(-2, -3, 8, 22)",0,0.0,0.0,0.0,True
random_029,17x23,"(-2, -3, 8, 22)",1,0.0,0.0,0.0,True
random_029,17x23,"(-2, -3, 8, 22)",2,2.508231511377801e-08,1.2957531448775721e-09,5.3218213603691165e-09,True
random_029,17x23,"(-2, -3, 8, 22)",3,2.508231511377801e-08,1.2957531448775721e-09,5.3218213603691165e-09,True
random_029,17x23,"(-2, -3, 8, 22)",14,1.1454386061870991e-07,2.5475781137429543e-08,4.586165857012215e-08,True
random_029,17x23,"(-2, -3, 8, 22)",15,1.1454386061870991e-07,2.5475781137429543e-08,4.586165857012215e-08,True
random_029,17x23,"(-2, -3, 8, 22)",25,1.378235001681105e-07,2.4393372772799914e-08,4.1483575305051143e-08,True
random_030,17x23,"(11, -10, 19, 29)",0,0.0,0.0,0.0,True
random_030,17x23,"(11, -10, 19, 29)",1,0.0,0.0,0.0,True
random_030,17x23,"(11, -10, 19, 29)",2,2.508231511377801e-08,2.5915062897551443e-09,7.526191944360838e-09,True
random_030,17x23,"(11, -10, 19, 29)",3,2.508231511377801e-08,2.5915062897551443e-09,7.526191944360838e-09,True
random_030,17x23,"(11, -10, 19, 29)",14,8.577258725495085e-08,1.738972281933629e-08,2.6637876196947912e-08,True
random_030,17x23,"(11, -10, 19, 29)",15,8.577258725495085e-08,1.738972281933629e-08,2.6637876196947912e-08,True
random_030,17x23,"(11, -10, 19, 29)",25,5.999048524607531e-08,1.9762395387416507e-08,2.675579190302833e-08,True
random_031,17x23,"(8, 19, 17, 30)",0,0.0,0.0,0.0,True
random_031,17x23,"(8, 19, 17, 30)",1,0.0,0.0,0.0,True
random_031,17x23,"(8, 19, 17, 30)",2,0.0,0.0,0.0,True
random_031,17x23,"(8, 19, 17, 30)",3,0.0,0.0,0.0,True
random_031,17x23,"(8, 19, 17, 30)",14,0.0,0.0,0.0,True
random_031,17x23,"(8, 19, 17, 30)",15,0.0,0.0,0.0,True
random_031,17x23,"(8, 19, 17, 30)",25,0.0,0.0,0.0,True
random_032,17x23,"(-11, -2, -2, 17)",0,0.0,0.0,0.0,True
random_032,17x23,"(-11, -2, -2, 17)",1,0.0,0.0,0.0,True
random_032,17x23,"(-11, -2, -2, 17)",2,0.0,0.0,0.0,True
random_032,17x23,"(-11, -2, -2, 17)",3,0.0,0.0,0.0,True
random_032,17x23,"(-11, -2, -2, 17)",14,0.0,0.0,0.0,True
random_032,17x23,"(-11, -2, -2, 17)",15,0.0,0.0,0.0,True
random_032,17x23,"(-11, -2, -2, 17)",25,0.0,0.0,0.0,True
random_033,17x23,"(-3, 18, 29, 34)",0,0.0,0.0,0.0,True
random_033,17x23,"(-3, 18, 29, 34)",1,0.0,0.0,0.0,True
random_033,17x23,"(-3, 18, 29, 34)",2,0.0,0.0,0.0,True
random_033,17x23,"(-3, 18, 29, 34)",3,0.0,0.0,0.0,True
random_033,17x23,"(-3, 18, 29, 34)",14,0.0,0.0,0.0,True
random_033,17x23,"(-3, 18, 29, 34)",15,0.0,0.0,0.0,True
random_033,17x23,"(-3, 18, 29, 34)",25,0.0,0.0,0.0,True
random_034,17x23,"(-5, 0, 28, 34)",0,0.0,0.0,0.0,True
random_034,17x23,"(-5, 0, 28, 34)",1,0.0,0.0,0.0,True
random_034,17x23,"(-5, 0, 28, 34)",2,0.0,0.0,0.0,True
random_034,17x23,"(-5, 0, 28, 34)",3,0.0,0.0,0.0,True
random_034,17x23,"(-5, 0, 28, 34)",14,3.3306690738754696e-16,3.3306690738754696e-16,3.3306690738754696e-16,True
random_034,17x23,"(-5, 0, 28, 34)",15,3.3306690738754696e-16,3.3306690738754696e-16,3.3306690738754696e-16,True
random_034,17x23,"(-5, 0, 28, 34)",25,0.0,0.0,0.0,True
random_035,17x23,"(8, 10, 20, 25)",0,0.0,0.0,0.0,True
random_035,17x23,"(8, 10, 20, 25)",1,0.0,0.0,0.0,True
random_035,17x23,"(8, 10, 20, 25)",2,3.674253168384212e-08,1.905519329069631e-09,6.6087672132313644e-09,True
random_035,17x23,"(8, 10, 20, 25)",3,3.674253168384212e-08,1.905519329069631e-09,6.6087672132313644e-09,True
random_035,17x23,"(8, 10, 20, 25)",14,1.013952648509786e-07,1.3569274144856056e-08,2.4160495046645143e-08,True
random_035,17x23,"(8, 10, 20, 25)",15,1.013952648509786e-07,1.3569274144856056e-08,2.4160495046645143e-08,True
random_035,17x23,"(8, 10, 20, 25)",25,9.433123715485436e-08,1.443005323550586e-08,2.1832744771322574e-08,True
random_036,17x23,"(9, -5, 19, -1)",0,0.0,0.0,0.0,True
random_036,17x23,"(9, -5, 19, -1)",1,0.0,0.0,0.0,True
random_036,17x23,"(9, -5, 19, -1)",2,0.0,0.0,0.0,True
random_036,17x23,"(9, -5, 19, -1)",3,0.0,0.0,0.0,True
random_036,17x23,"(9, -5, 19, -1)",14,0.0,0.0,0.0,True
random_036,17x23,"(9, -5, 19, -1)",15,0.0,0.0,0.0,True
random_036,17x23,"(9, -5, 19, -1)",25,0.0,0.0,0.0,True
random_037,17x23,"(-9, -2, 31, 23)",0,0.0,0.0,0.0,True
random_037,17x23,"(-9, -2, 31, 23)",1,0.0,0.0,0.0,True
random_037,17x23,"(-9, -2, 31, 23)",2,0.0,0.0,0.0,True
random_037,17x23,"(-9, -2, 31, 23)",3,0.0,0.0,0.0,True
random_037,17x23,"(-9, -2, 31, 23)",14,3.3306690738754696e-16,3.3306690738754696e-16,3.3306690738754696e-16,True
random_037,17x23,"(-9, -2, 31, 23)",15,3.3306690738754696e-16,3.3306690738754696e-16,3.3306690738754696e-16,True
random_037,17x23,"(-9, -2, 31, 23)",25,0.0,0.0,0.0,True
random_038,17x23,"(-2, 8, 0, 22)",0,0.0,0.0,0.0,True
random_038,17x23,"(-2, 8, 0, 22)",1,0.0,0.0,0.0,True
random_038,17x23,"(-2, 8, 0, 22)",2,0.0,0.0,0.0,True
random_038,17x23,"(-2, 8, 0, 22)",3,0.0,0.0,0.0,True
random_038,17x23,"(-2, 8, 0, 22)",14,0.0,0.0,0.0,True
random_038,17x23,"(-2, 8, 0, 22)",15,0.0,0.0,0.0,True
random_038,17x23,"(-2, 8, 0, 22)",25,0.0,0.0,0.0,True
random_039,17x23,"(4, -6, 23, 34)",0,0.0,0.0,0.0,True
random_039,17x23,"(4, -6, 23, 34)",1,0.0,0.0,0.0,True
random_039,17x23,"(4, -6, 23, 34)",2,2.508231511377801e-08,1.2957531448775721e-09,5.3218213603691165e-09,True
random_039,17x23,"(4, -6, 23, 34)",3,2.508231511377801e-08,1.2957531448775721e-09,5.3218213603691165e-09,True
random_039,17x23,"(4, -6, 23, 34)",14,1.1920928921771434e-07,6.15120477090568e-08,7.485933222556284e-08,True
random_039,17x23,"(4, -6, 23, 34)",15,1.1920928921771434e-07,6.15120477090568e-08,7.485933222556284e-08,True
random_039,17x23,"(4, -6, 23, 34)",25,9.100826536823092e-08,2.4242423542027942e-08,3.6844252053035224e-08,True
random_040,17x23,"(4, -2, 4, 27)",0,0.0,0.0,0.0,True
random_040,17x23,"(4, -2, 4, 27)",1,0.0,0.0,0.0,True
random_040,17x23,"(4, -2, 4, 27)",2,0.0,0.0,0.0,True
random_040,17x23,"(4, -2, 4, 27)",3,0.0,0.0,0.0,True
random_040,17x23,"(4, -2, 4, 27)",14,0.0,0.0,0.0,True
random_040,17x23,"(4, -2, 4, 27)",15,0.0,0.0,0.0,True
random_040,17x23,"(4, -2, 4, 27)",25,0.0,0.0,0.0,True
random_041,17x23,"(-5, -11, 16, 23)",0,0.0,0.0,0.0,True
random_041,17x23,"(-5, -11, 16, 23)",1,0.0,0.0,0.0,True
random_041,17x23,"(-5, -11, 16, 23)",2,2.508231511377801e-08,1.2957531448775721e-09,5.3218213603691165e-09,True
random_041,17x23,"(-5, -11, 16, 23)",3,2.508231511377801e-08,1.2957531448775721e-09,5.3218213603691165e-09,True
random_041,17x23,"(-5, -11, 16, 23)",14,1.1454386061870991e-07,4.7734147154300584e-08,5.8117825744834913e-08,True
random_041,17x23,"(-5, -11, 16, 23)",15,1.1454386061870991e-07,4.7734147154300584e-08,5.8117825744834913e-08,True
random_041,17x23,"(-5, -11, 16, 23)",25,1.378235001681105e-07,4.025768325945633e-08,5.713542035009553e-08,True
random_042,17x23,"(-10, 3, 5, 17)",0,0.0,0.0,0.0,True
random_042,17x23,"(-10, 3, 5, 17)",1,0.0,0.0,0.0,True
random_042,17x23,"(-10, 3, 5, 17)",2,3.674253168384212e-08,1.4100843040453428e-09,5.64214722497856e-09,True
random_042,17x23,"(-10, 3, 5, 17)",3,3.674253168384212e-08,1.4100843040453428e-09,5.64214722497856e-09,True
random_042,17x23,"(-10, 3, 5, 17)",14,1.1454386061870991e-07,1.0756328761384641e-08,2.490052214192764e-08,True
random_042,17x23,"(-10, 3, 5, 17)",15,1.1454386061870991e-07,1.0756328761384641e-08,2.490052214192764e-08,True
random_042,17x23,"(-10, 3, 5, 17)",25,8.055865219347424e-08,1.1822135974334905e-08,1.9096053522430633e-08,True
random_043,17x23,"(-10, -12, 5, 11)",0,0.0,0.0,0.0,True
random_043,17x23,"(-10, -12, 5, 11)",1,0.0,0.0,0.0,True
random_043,17x23,"(-10, -12, 5, 11)",2,3.674253168384212e-08,1.1814219843610653e-09,5.180334320727496e-09,True
random_043,17x23,"(-10, -12, 5, 11)",3,3.674253168384212e-08,1.1814219843610653e-09,5.180334320727496e-09,True
random_043,17x23,"(-10, -12, 5, 11)",14,1.1454386061870991e-07,8.189618328857233e-09,2.0198046492046804e-08,True
random_043,17x23,"(-10, -12, 5, 11)",15,1.1454386061870991e-07,8.189618328857233e-09,2.0198046492046804e-08,True
random_043,17x23,"(-10, -12, 5, 11)",25,6.502267624330926e-08,9.81619150515897e-09,1.6342787411833892e-08,True
random_044,17x23,"(-6, 4, 8, 6)",0,0.0,0.0,0.0,True
random_044,17x23,"(-6, 4, 8, 6)",1,0.0,0.0,0.0,True
random_044,17x23,"(-6, 4, 8, 6)",2,3.674253168384212e-08,1.2957531426770023e-09,5.5088933900664805e-09,True
random_044,17x23,"(-6, 4, 8, 6)",3,3.674253168384212e-08,1.2957531426770023e-09,5.5088933900664805e-09,True
random_044,17x23,"(-6, 4, 8, 6)",14,3.08380869173952e-08,2.8181793140721625e-09,5.913157438524257e-09,True
random_044,17x23,"(-6, 4, 8, 6)",15,3.08380869173952e-08,2.8181793140721625e-09,5.913157438524257e-09,True
random_044,17x23,"(-6, 4, 8, 6)",25,2.0313096177337897e-08,3.3495850470597347e-09,5.349044019128734e-09,True
random_045,17x23,"(7, 13, 27, 25)",0,0.0,0.0,0.0,True
random_045,17x23,"(7, 13, 27, 25)",1,0.0,0.0,0.0,True
random_045,17x23,"(7, 13, 27, 25)",2,3.674253168384212e-08,1.4863050757117404e-09,5.787902254259845e-09,True
random_045,17x23,"(7, 13, 27, 25)",3,3.674253168384212e-08,1.4863050757117404e-09,5.787902254259845e-09,True
random_045,17x23,"(7, 13, 27, 25)",14,1.0162820762715796e-07,1.0735103175353556e-08,2.1415846828392917e-08,True
random_045,17x23,"(7, 13, 27, 25)",15,1.0162820762715796e-07,1.0735103175353556e-08,2.1415846828392917e-08,True
random_045,17x23,"(7, 13, 27, 25)",25,5.220200388622587e-08,7.2198546976112615e-09,1.120956091720058e-08,True
random_046,17x23,"(6, 3, 34, 5)",0,0.0,0.0,0.0,True
random_046,17x23,"(6, 3, 34, 5)",1,0.0,0.0,0.0,True
random_046,17x23,"(6, 3, 34, 5)",2,3.674253168384212e-08,2.6677270582271666e-09,7.76760427428886e-09,True
random_046,17x23,"(6, 3, 34, 5)",3,3.674253168384212e-08,2.6677270582271666e-09,7.76760427428886e-09,True
random_046,17x23,"(6, 3, 34, 5)",14,4.73375665333009e-08,7.30873084208448e-09,1.3755079124328532e-08,True
random_046,17x23,"(6, 3, 34, 5)",15,4.73375665333009e-08,7.30873084208448e-09,1.3755079124328532e-08,True
random_046,17x23,"(6, 3, 34, 5)",25,1.8379895966313953e-08,4.040770841029097e-09,5.408149253940637e-09,True
random_047,17x23,"(10, -7, 14, 0)",0,0.0,0.0,0.0,True
random_047,17x23,"(10, -7, 14, 0)",1,0.0,0.0,0.0,True
random_047,17x23,"(10, -7, 14, 0)",2,0.0,0.0,0.0,True
random_047,17x23,"(10, -7, 14, 0)",3,0.0,0.0,0.0,True
random_047,17x23,"(10, -7, 14, 0)",14,0.0,0.0,0.0,True
random_047,17x23,"(10, -7, 14, 0)",15,0.0,0.0,0.0,True
random_047,17x23,"(10, -7, 14, 0)",25,0.0,0.0,0.0,True
random_048,17x23,"(-12, 15, 1, 29)",0,0.0,0.0,0.0,True
random_048,17x23,"(-12, 15, 1, 29)",1,0.0,0.0,0.0,True
random_048,17x23,"(-12, 15, 1, 29)",2,1.1201896465973249e-08,8.144196254445272e-11,8.038755269320757e-10,True
random_048,17x23,"(-12, 15, 1, 29)",3,1.1201896465973249e-08,8.144196254445272e-11,8.038755269320757e-10,True
random_048,17x23,"(-12, 15, 1, 29)",14,1.7076865650722528e-09,7.87445472988773e-11,2.5834439367356144e-10,True
random_048,17x23,"(-12, 15, 1, 29)",15,1.7076865650722528e-09,7.87445472988773e-11,2.5834439367356144e-10,True
random_048,17x23,"(-12, 15, 1, 29)",25,5.846420413763154e-10,7.27961442323583e-11,1.4245857941489343e-10,True
random_049,17x23,"(-5, -6, 31, 32)",0,0.0,0.0,0.0,True
random_049,17x23,"(-5, -6, 31, 32)",1,0.0,0.0,0.0,True
random_049,17x23,"(-5, -6, 31, 32)",2,0.0,0.0,0.0,True
random_049,17x23,"(-5, -6, 31, 32)",3,0.0,0.0,0.0,True
random_049,17x23,"(-5, -6, 31, 32)",14,3.3306690738754696e-16,3.3306690738754696e-16,3.3306690738754696e-16,True
random_049,17x23,"(-5, -6, 31, 32)",15,3.3306690738754696e-16,3.3306690738754696e-16,3.3306690738754696e-16,True
random_049,17x23,"(-5, -6, 31, 32)",25,0.0,0.0,0.0,True
random_050,17x23,"(-7, 20, 32, 20)",0,0.0,0.0,0.0,True
random_050,17x23,"(-7, 20, 32, 20)",1,0.0,0.0,0.0,True
random_050,17x23,"(-7, 20, 32, 20)",2,0.0,0.0,0.0,True
random_050,17x23,"(-7, 20, 32, 20)",3,0.0,0.0,0.0,True
random_050,17x23,"(-7, 20, 32, 20)",14,0.0,0.0,0.0,True
random_050,17x23,"(-7, 20, 32, 20)",15,0.0,0.0,0.0,True
random_050,17x23,"(-7, 20, 32, 20)",25,0.0,0.0,0.0,True
random_051,17x23,"(17, 20, 31, 27)",0,0.0,0.0,0.0,True
random_051,17x23,"(17, 20, 31, 27)",1,0.0,0.0,0.0,True
random_051,17x23,"(17, 20, 31, 27)",2,0.0,0.0,0.0,True
random_051,17x23,"(17, 20, 31, 27)",3,0.0,0.0,0.0,True
random_051,17x23,"(17, 20, 31, 27)",14,0.0,0.0,0.0,True
random_051,17x23,"(17, 20, 31, 27)",15,0.0,0.0,0.0,True
random_051,17x23,"(17, 20, 31, 27)",25,0.0,0.0,0.0,True
random_052,17x23,"(20, 5, 23, 7)",0,0.0,0.0,0.0,True
random_052,17x23,"(20, 5, 23, 7)",1,0.0,0.0,0.0,True
random_052,17x23,"(20, 5, 23, 7)",2,3.674253168384212e-08,5.335454118158e-10,3.699734353134943e-09,True
random_052,17x23,"(20, 5, 23, 7)",3,3.674253168384212e-08,5.335454118158e-10,3.699734353134943e-09,True
random_052,17x23,"(20, 5, 23, 7)",14,8.465484202524465e-09,5.470380827520463e-10,1.3288214571303848e-09,True
random_052,17x23,"(20, 5, 23, 7)",15,8.465484202524465e-09,5.470380827520463e-10,1.3288214571303848e-09,True
random_052,17x23,"(20, 5, 23, 7)",25,6.203446201169527e-09,6.591759560539248e-10,1.1548625929118334e-09,True
random_053,17x23,"(6, 12, 12, 26)",0,0.0,0.0,0.0,True
random_053,17x23,"(6, 12, 12, 26)",1,0.0,0.0,0.0,True
random_053,17x23,"(6, 12, 12, 26)",2,3.674253168384212e-08,1.1433115976405398e-09,5.1976852515297285e-09,True
random_053,17x23,"(6, 12, 12, 26)",3,3.674253168384212e-08,1.1433115976405398e-09,5.1976852515297285e-09,True
random_053,17x23,"(6, 12, 12, 26)",14,3.548339416736823e-08,3.2879518357485265e-09,6.759820122777407e-09,True
random_053,17x23,"(6, 12, 12, 26)",15,3.548339416736823e-08,3.2879518357485265e-09,6.759820122777407e-09,True
random_053,17x23,"(6, 12, 12, 26)",25,3.210719479174173e-08,4.652234314295106e-09,7.181259652243647e-09,True
random_054,17x23,"(-2, 3, 25, 10)",0,0.0,0.0,0.0,True
random_054,17x23,"(-2, 3, 25, 10)",1,0.0,0.0,0.0,True
random_054,17x23,"(-2, 3, 25, 10)",2,2.508231511377801e-08,3.5061555619615305e-09,8.754165388945773e-09,True
random_054,17x23,"(-2, 3, 25, 10)",3,2.508231511377801e-08,3.5061555619615305e-09,8.754165388945773e-09,True
random_054,17x23,"(-2, 3, 25, 10)",14,1.0162820762715796e-07,3.311919660092768e-08,3.8703895715840716e-08,True
random_054,17x23,"(-2, 3, 25, 10)",15,1.0162820762715796e-07,3.311919660092768e-08,3.8703895715840716e-08,True
random_054,17x23,"(-2, 3, 25, 10)",25,6.097013338646207e-08,1.7062701601295728e-08,2.4301435286248988e-08,True
random_055,17x23,"(-8, 22, 0, 30)",0,0.0,0.0,0.0,True
random_055,17x23,"(-8, 22, 0, 30)",1,0.0,0.0,0.0,True
random_055,17x23,"(-8, 22, 0, 30)",2,0.0,0.0,0.0,True
random_055,17x23,"(-8, 22, 0, 30)",3,0.0,0.0,0.0,True
random_055,17x23,"(-8, 22, 0, 30)",14,0.0,0.0,0.0,True
random_055,17x23,"(-8, 22, 0, 30)",15,0.0,0.0,0.0,True
random_055,17x23,"(-8, 22, 0, 30)",25,0.0,0.0,0.0,True
random_056,17x23,"(7, -6, 21, 14)",0,0.0,0.0,0.0,True
random_056,17x23,"(7, -6, 21, 14)",1,0.0,0.0,0.0,True
random_056,17x23,"(7, -6, 21, 14)",2,3.674253168384212e-08,3.1250517004351663e-09,8.386393709837803e-09,True
random_056,17x23,"(7, -6, 21, 14)",3,3.674253168384212e-08,3.1250517004351663e-09,8.386393709837803e-09,True
random_056,17x23,"(7, -6, 21, 14)",14,1.1519669573800684e-07,2.947273270609697e-08,4.178063511218017e-08,True
random_056,17x23,"(7, -6, 21, 14)",15,1.1519669573800684e-07,2.947273270609697e-08,4.178063511218017e-08,True
random_056,17x23,"(7, -6, 21, 14)",25,1.7616806258224926e-07,3.374017337487235e-08,4.436850055533421e-08,True
random_057,17x23,"(12, -4, 14, 35)",0,0.0,0.0,0.0,True
random_057,17x23,"(12, -4, 14, 35)",1,0.0,0.0,0.0,True
random_057,17x23,"(12, -4, 14, 35)",2,2.508231511377801e-08,2.5915062897551443e-09,7.526191944360838e-09,True
random_057,17x23,"(12, -4, 14, 35)",3,2.508231511377801e-08,2.5915062897551443e-09,7.526191944360838e-09,True
random_057,17x23,"(12, -4, 14, 35)",14,1.3350639427311961e-08,2.403619452024555e-09,4.035206242166296e-09,True
random_057,17x23,"(12, -4, 14, 35)",15,1.3350639427311961e-08,2.403619452024555e-09,4.035206242166296e-09,True
random_057,17x23,"(12, -4, 14, 35)",25,2.3070322277551902e-08,7.161201426539189e-09,9.60117621520051e-09,True
random_058,17x23,"(25, -9, 30, 11)",0,0.0,0.0,0.0,True
random_058,17x23,"(25, -9, 30, 11)",1,0.0,0.0,0.0,True
random_058,17x23,"(25, -9, 30, 11)",2,0.0,0.0,0.0,True
random_058,17x23,"(25, -9, 30, 11)",3,0.0,0.0,0.0,True
random_058,17x23,"(25, -9, 30, 11)",14,0.0,0.0,0.0,True
random_058,17x23,"(25, -9, 30, 11)",15,0.0,0.0,0.0,True
random_058,17x23,"(25, -9, 30, 11)",25,0.0,0.0,0.0,True
random_059,17x23,"(-11, 6, 29, 19)",0,0.0,0.0,0.0,True
random_059,17x23,"(-11, 6, 29, 19)",1,0.0,0.0,0.0,True
random_059,17x23,"(-11, 6, 29, 19)",2,2.508231511377801e-08,1.7530777809807652e-09,6.190129710152126e-09,True
random_059,17x23,"(-11, 6, 29, 19)",3,2.508231511377801e-08,1.7530777809807652e-09,6.190129710152126e-09,True
random_059,17x23,"(-11, 6, 29, 19)",14,1.1920928921771434e-07,5.038709073757203e-08,5.866128087503247e-08,True
random_059,17x23,"(-11, 6, 29, 19)",15,1.1920928921771434e-07,5.038709073757203e-08,5.866128087503247e-08,True
random_059,17x23,"(-11, 6, 29, 19)",25,4.600941949650661e-08,1.6376138598767403e-08,2.0167273486955313e-08,True
random_060,17x23,"(19, 9, 25, 21)",0,0.0,0.0,0.0,True
random_060,17x23,"(19, 9, 25, 21)",1,0.0,0.0,0.0,True
random_060,17x23,"(19, 9, 25, 21)",2,3.674253168384212e-08,8.765388915906676e-10,4.491315490003571e-09,True
random_060,17x23,"(19, 9, 25, 21)",3,3.674253168384212e-08,8.765388915906676e-10,4.491315490003571e-09,True
random_060,17x23,"(19, 9, 25, 21)",14,7.94556525018919e-08,3.5234012711924525e-09,9.366624322320289e-09,True
random_060,17x23,"(19, 9, 25, 21)",15,7.94556525018919e-08,3.5234012711924525e-09,9.366624322320289e-09,True
random_060,17x23,"(19, 9, 25, 21)",25,4.1675597112211804e-08,4.087464758836435e-09,7.734973122445125e-09,True
random_061,17x23,"(-10, 9, 8, 25)",0,0.0,0.0,0.0,True
random_061,17x23,"(-10, 9, 8, 25)",1,0.0,0.0,0.0,True
random_061,17x23,"(-10, 9, 8, 25)",2,3.674253168384212e-08,1.1814219839351486e-09,5.180334320339426e-09,True
random_061,17x23,"(-10, 9, 8, 25)",3,3.674253168384212e-08,1.1814219839351486e-09,5.180334320339426e-09,True
random_061,17x23,"(-10, 9, 8, 25)",14,1.1454386061870991e-07,1.1607134088657821e-08,2.4761251992350154e-08,True
random_061,17x23,"(-10, 9, 8, 25)",15,1.1454386061870991e-07,1.1607134088657821e-08,2.4761251992350154e-08,True
random_061,17x23,"(-10, 9, 8, 25)",25,9.15245835231282e-08,1.3024141721282706e-08,2.157490455085292e-08,True
random_062,17x23,"(7, 28, 30, 32)",0,0.0,0.0,0.0,True
random_062,17x23,"(7, 28, 30, 32)",1,0.0,0.0,0.0,True
random_062,17x23,"(7, 28, 30, 32)",2,0.0,0.0,0.0,True
random_062,17x23,"(7, 28, 30, 32)",3,0.0,0.0,0.0,True
random_062,17x23,"(7, 28, 30, 32)",14,0.0,0.0,0.0,True
random_062,17x23,"(7, 28, 30, 32)",15,0.0,0.0,0.0,True
random_062,17x23,"(7, 28, 30, 32)",25,0.0,0.0,0.0,True
random_063,17x23,"(-6, -6, 16, 11)",0,0.0,0.0,0.0,True
random_063,17x23,"(-6, -6, 16, 11)",1,0.0,0.0,0.0,True
random_063,17x23,"(-6, -6, 16, 11)",2,3.674253168384212e-08,2.0198504883083876e-09,6.720247241269749e-09,True
random_063,17x23,"(-6, -6, 16, 11)",3,3.674253168384212e-08,2.0198504883083876e-09,6.720247241269749e-09,True
random_063,17x23,"(-6, -6, 16, 11)",14,1.1454386061870991e-07,3.0904789694612743e-08,4.101613847791182e-08,True
random_063,17x23,"(-6, -6, 16, 11)",15,1.1454386061870991e-07,3.0904789694612743e-08,4.101613847791182e-08,True
random_063,17x23,"(-6, -6, 16, 11)",25,1.5175759360275265e-07,3.028190145121277e-08,4.188585715954956e-08,True
random_064,17x23,"(-2, 4, 11, 28)",0,0.0,0.0,0.0,True
random_064,17x23,"(-2, 4, 11, 28)",1,0.0,0.0,0.0,True
random_064,17x23,"(-2, 4, 11, 28)",2,3.674253168384212e-08,1.7911881693339716e-09,6.337488568563158e-09,True
random_064,17x23,"(-2, 4, 11, 28)",3,3.674253168384212e-08,1.7911881693339716e-09,6.337488568563158e-09,True
random_064,17x23,"(-2, 4, 11, 28)",14,1.1454386061870991e-07,2.5109394558695782e-08,3.9333432800007575e-08,True
random_064,17x23,"(-2, 4, 11, 28)",15,1.1454386061870991e-07,2.5109394558695782e-08,3.9333432800007575e-08,True
random_064,17x23,"(-2, 4, 11, 28)",25,1.5175759349173035e-07,3.1228144902454e-08,4.474063345378174e-08,True
random_065,17x23,"(35, -12, 35, -6)",0,0.0,0.0,0.0,True
random_065,17x23,"(35, -12, 35, -6)",1,0.0,0.0,0.0,True
random_065,17x23,"(35, -12, 35, -6)",2,0.0,0.0,0.0,True
random_065,17x23,"(35, -12, 35, -6)",3,0.0,0.0,0.0,True
random_065,17x23,"(35, -12, 35, -6)",14,0.0,0.0,0.0,True
random_065,17x23,"(35, -12, 35, -6)",15,0.0,0.0,0.0,True
random_065,17x23,"(35, -12, 35, -6)",25,0.0,0.0,0.0,True
random_066,17x23,"(12, -5, 15, 29)",0,0.0,0.0,0.0,True
random_066,17x23,"(12, -5, 15, 29)",1,0.0,0.0,0.0,True
random_066,17x23,"(12, -5, 15, 29)",2,2.508231511377801e-08,2.5915062897551443e-09,7.526191944360838e-09,True
random_066,17x23,"(12, -5, 15, 29)",3,2.508231511377801e-08,2.5915062897551443e-09,7.526191944360838e-09,True
random_066,17x23,"(12, -5, 15, 29)",14,1.2711972696699547e-08,4.441875330112696e-09,6.786988260795094e-09,True
random_066,17x23,"(12, -5, 15, 29)",15,1.2711972696699547e-08,4.441875330112696e-09,6.786988260795094e-09,True
random_066,17x23,"(12, -5, 15, 29)",25,3.520391331224282e-08,1.0784069712704606e-08,1.4532366922660087e-08,True
random_067,17x23,"(7, 10, 10, 28)",0,0.0,0.0,0.0,True
random_067,17x23,"(7, 10, 10, 28)",1,0.0,0.0,0.0,True
random_067,17x23,"(7, 10, 10, 28)",2,3.674253168384212e-08,1.219532371294549e-09,5.355550316192134e-09,True
random_067,17x23,"(7, 10, 10, 28)",3,3.674253168384212e-08,1.219532371294549e-09,5.355550316192134e-09,True
random_067,17x23,"(7, 10, 10, 28)",14,1.8438027771239263e-08,2.2401045616989713e-09,4.186795359624701e-09,True
random_067,17x23,"(7, 10, 10, 28)",15,1.8438027771239263e-08,2.2401045616989713e-09,4.186795359624701e-09,True
random_067,17x23,"(7, 10, 10, 28)",25,2.3857440162311505e-08,2.8951776032583703e-09,4.292030830409966e-09,True
random_068,17x23,"(-1, 11, 12, 13)",0,0.0,0.0,0.0,True
random_068,17x23,"(-1, 11, 12, 13)",1,0.0,0.0,0.0,True
random_068,17x23,"(-1, 11, 12, 13)",2,3.674253168384212e-08,1.905519327365964e-09,6.608767212014599e-09,True
random_068,17x23,"(-1, 11, 12, 13)",3,3.674253168384212e-08,1.905519327365964e-09,6.608767212014599e-09,True
random_068,17x23,"(-1, 11, 12, 13)",14,3.08380869173952e-08,4.26815585852366e-09,7.273766918658976e-09,True
random_068,17x23,"(-1, 11, 12, 13)",15,3.08380869173952e-08,4.26815585852366e-09,7.273766918658976e-09,True
random_068,17x23,"(-1, 11, 12, 13)",25,2.2608910243970826e-08,4.999748610181898e-09,7.022728009305139e-09,True
random_069,17x23,"(9, -8, 22, 11)",0,0.0,0.0,0.0,True
random_069,17x23,"(9, -8, 22, 11)",1,0.0,0.0,0.0,True
random_069,17x23,"(9, -8, 22, 11)",2,3.674253168384212e-08,2.724294214805529e-09,7.77665805039196e-09,True
random_069,17x23,"(9, -8, 22, 11)",3,3.674253168384212e-08,2.724294214805529e-09,7.77665805039196e-09,True
random_069,17x23,"(9, -8, 22, 11)",14,1.359523894572945e-07,2.1298914126589587e-08,3.3744341603108344e-08,True
random_069,17x23,"(9, -8, 22, 11)",15,1.359523894572945e-07,2.1298914126589587e-08,3.3744341603108344e-08,True
random_069,17x23,"(9, -8, 22, 11)",25,1.5080116722021586e-07,2.5704115944090016e-08,3.660679006735121e-08,True
random_070,17x23,"(-11, -5, 12, 30)",0,0.0,0.0,0.0,True
random_070,17x23,"(-11, -5, 12, 30)",1,0.0,0.0,0.0,True
random_070,17x23,"(-11, -5, 12, 30)",2,2.508231511377801e-08,1.2957531448775721e-09,5.3218213603691165e-09,True
random_070,17x23,"(-11, -5, 12, 30)",3,2.508231511377801e-08,1.2957531448775721e-09,5.3218213603691165e-09,True
random_070,17x23,"(-11, -5, 12, 30)",14,1.1454386061870991e-07,3.627435759557673e-08,5.222643473943694e-08,True
random_070,17x23,"(-11, -5, 12, 30)",15,1.1454386061870991e-07,3.627435759557673e-08,5.222643473943694e-08,True
random_070,17x23,"(-11, -5, 12, 30)",25,1.378235001681105e-07,4.060411235078774e-08,5.845171529848474e-08,True
random_071,17x23,"(-1, -5, 19, 10)",0,0.0,0.0,0.0,True
random_071,17x23,"(-1, -5, 19, 10)",1,0.0,0.0,0.0,True
random_071,17x23,"(-1, -5, 19, 10)",2,3.674253168384212e-08,2.172292034338656e-09,6.963741623748235e-09,True
random_071,17x23,"(-1, -5, 19, 10)",3,3.674253168384212e-08,2.172292034338656e-09,6.963741623748235e-09,True
random_071,17x23,"(-1, -5, 19, 10)",14,1.104187484779473e-07,3.1803783323654775e-08,3.952102168608854e-08,True
random_071,17x23,"(-1, -5, 19, 10)",15,1.104187484779473e-07,3.1803783323654775e-08,3.952102168608854e-08,True
random_071,17x23,"(-1, -5, 19, 10)",25,1.6672450520172077e-07,3.15209228293919e-08,4.321139084500603e-08,True
random_072,17x23,"(-11, 24, 29, 27)",0,0.0,0.0,0.0,True
random_072,17x23,"(-11, 24, 29, 27)",1,0.0,0.0,0.0,True
random_072,17x23,"(-11, 24, 29, 27)",2,0.0,0.0,0.0,True
random_072,17x23,"(-11, 24, 29, 27)",3,0.0,0.0,0.0,True
random_072,17x23,"(-11, 24, 29, 27)",14,0.0,0.0,0.0,True
random_072,17x23,"(-11, 24, 29, 27)",15,0.0,0.0,0.0,True
random_072,17x23,"(-11, 24, 29, 27)",25,0.0,0.0,0.0,True
random_073,17x23,"(-9, 12, -8, 25)",0,0.0,0.0,0.0,True
random_073,17x23,"(-9, 12, -8, 25)",1,0.0,0.0,0.0,True
random_073,17x23,"(-9, 12, -8, 25)",2,0.0,0.0,0.0,True
random_073,17x23,"(-9, 12, -8, 25)",3,0.0,0.0,0.0,True
random_073,17x23,"(-9, 12, -8, 25)",14,0.0,0.0,0.0,True
random_073,17x23,"(-9, 12, -8, 25)",15,0.0,0.0,0.0,True
random_073,17x23,"(-9, 12, -8, 25)",25,0.0,0.0,0.0,True
random_074,17x23,"(9, -6, 13, 5)",0,0.0,0.0,0.0,True
random_074,17x23,"(9, -6, 13, 5)",1,0.0,0.0,0.0,True
random_074,17x23,"(9, -6, 13, 5)",2,3.674253168384212e-08,9.908700514682995e-10,4.866616643428922e-09,True
random_074,17x23,"(9, -6, 13, 5)",3,3.674253168384212e-08,9.908700514682995e-10,4.866616643428922e-09,True
random_074,17x23,"(9, -6, 13, 5)",14,3.128167314070396e-08,2.2791932925402334e-09,4.950307199627278e-09,True
random_074,17x23,"(9, -6, 13, 5)",15,3.128167314070396e-08,2.2791932925402334e-09,4.950307199627278e-09,True
random_074,17x23,"(9, -6, 13, 5)",25,1.8651511793366105e-08,2.763692362191687e-09,3.916495748433658e-09,True
random_075,17x23,"(-1, 16, 23, 27)",0,0.0,0.0,0.0,True
random_075,17x23,"(-1, 16, 23, 27)",1,0.0,0.0,0.0,True
random_075,17x23,"(-1, 16, 23, 27)",2,9.440014547834608e-09,8.329424535723299e-10,2.55978333505361e-09,True
random_075,17x23,"(-1, 16, 23, 27)",3,9.440014547834608e-09,8.329424535723299e-10,2.55978333505361e-09,True
random_075,17x23,"(-1, 16, 23, 27)",14,9.699536757112881e-09,3.3185617562760037e-09,5.067900177090184e-09,True
random_075,17x23,"(-1, 16, 23, 27)",15,9.699536757112881e-09,3.3185617562760037e-09,5.067900177090184e-09,True
random_075,17x23,"(-1, 16, 23, 27)",25,1.855946923923213e-09,5.912737223853934e-10,8.2204278292631e-10,True
random_076,17x23,"(0, 5, 34, 26)",0,0.0,0.0,0.0,True
random_076,17x23,"(0, 5, 34, 26)",1,0.0,0.0,0.0,True
random_076,17x23,"(0, 5, 34, 26)",2,2.508231511377801e-08,1.7530777809807652e-09,6.190129710152126e-09,True
random_076,17x23,"(0, 5, 34, 26)",3,2.508231511377801e-08,1.7530777809807652e-09,6.190129710152126e-09,True
random_076,17x23,"(0, 5, 34, 26)",14,1.1920928921771434e-07,5.3766975009931266e-08,6.176979238502104e-08,True
random_076,17x23,"(0, 5, 34, 26)",15,1.1920928921771434e-07,5.3766975009931266e-08,6.176979238502104e-08,True
random_076,17x23,"(0, 5, 34, 26)",25,6.016136933073568e-08,2.007782597695746e-08,2.5555426511828056e-08,True
random_077,17x23,"(-11, 1, 24, 35)",0,0.0,0.0,0.0,True
random_077,17x23,"(-11, 1, 24, 35)",1,0.0,0.0,0.0,True
random_077,17x23,"(-11, 1, 24, 35)",2,2.508231511377801e-08,2.0307252611510595e-09,6.4999384700163635e-09,True
random_077,17x23,"(-11, 1, 24, 35)",3,2.508231511377801e-08,2.0307252611510595e-09,6.4999384700163635e-09,True
random_077,17x23,"(-11, 1, 24, 35)",14,1.2779614977365128e-07,7.275929730861176e-08,7.783435450360977e-08,True
random_077,17x23,"(-11, 1, 24, 35)",15,1.2779614977365128e-07,7.275929730861176e-08,7.783435450360977e-08,True
random_077,17x23,"(-11, 1, 24, 35)",25,4.2355922880155106e-08,1.3405091468227431e-08,1.931645219111932e-08,True
random_078,17x23,"(-3, 16, 33, 29)",0,0.0,0.0,0.0,True
random_078,17x23,"(-3, 16, 33, 29)",1,0.0,0.0,0.0,True
random_078,17x23,"(-3, 16, 33, 29)",2,9.440014547834608e-09,8.329424535723299e-10,2.55978333505361e-09,True
random_078,17x23,"(-3, 16, 33, 29)",3,9.440014547834608e-09,8.329424535723299e-10,2.55978333505361e-09,True
random_078,17x23,"(-3, 16, 33, 29)",14,9.699536757112881e-09,3.3185617562760037e-09,5.067900177090184e-09,True
random_078,17x23,"(-3, 16, 33, 29)",15,9.699536757112881e-09,3.3185617562760037e-09,5.067900177090184e-09,True
random_078,17x23,"(-3, 16, 33, 29)",25,1.855946923923213e-09,5.912737223853934e-10,8.2204278292631e-10,True
random_079,17x23,"(-10, 9, 33, 18)",0,0.0,0.0,0.0,True
random_079,17x23,"(-10, 9, 33, 18)",1,0.0,0.0,0.0,True
random_079,17x23,"(-10, 9, 33, 18)",2,2.508231511377801e-08,1.7530777809807652e-09,6.190129710152125e-09,True
random_079,17x23,"(-10, 9, 33, 18)",3,2.508231511377801e-08,1.7530777809807652e-09,6.190129710152125e-09,True
random_079,17x23,"(-10, 9, 33, 18)",14,1.1920928921771434e-07,3.593809447745207e-08,4.712808273713749e-08,True
random_079,17x23,"(-10, 9, 33, 18)",15,1.1920928921771434e-07,3.593809447745207e-08,4.712808273713749e-08,True
random_079,17x23,"(-10, 9, 33, 18)",25,5.620912801873601e-08,1.706636378623012e-08,2.3190755015641172e-08,True
random_080,17x23,"(-5, 22, -2, 33)",0,0.0,0.0,0.0,True
random_080,17x23,"(-5, 22, -2, 33)",1,0.0,0.0,0.0,True
random_080,17x23,"(-5, 22, -2, 33)",2,0.0,0.0,0.0,True
random_080,17x23,"(-5, 22, -2, 33)",3,0.0,0.0,0.0,True
random_080,17x23,"(-5, 22, -2, 33)",14,0.0,0.0,0.0,True
random_080,17x23,"(-5, 22, -2, 33)",15,0.0,0.0,0.0,True
random_080,17x23,"(-5, 22, -2, 33)",25,0.0,0.0,0.0,True
random_081,17x23,"(26, 6, 26, 13)",0,0.0,0.0,0.0,True
random_081,17x23,"(26, 6, 26, 13)",1,0.0,0.0,0.0,True
random_081,17x23,"(26, 6, 26, 13)",2,0.0,0.0,0.0,True
random_081,17x23,"(26, 6, 26, 13)",3,0.0,0.0,0.0,True
random_081,17x23,"(26, 6, 26, 13)",14,0.0,0.0,0.0,True
random_081,17x23,"(26, 6, 26, 13)",15,0.0,0.0,0.0,True
random_081,17x23,"(26, 6, 26, 13)",25,0.0,0.0,0.0,True
random_082,17x23,"(5, -2, 26, 3)",0,0.0,0.0,0.0,True
random_082,17x23,"(5, -2, 26, 3)",1,0.0,0.0,0.0,True
random_082,17x23,"(5, -2, 26, 3)",2,3.674253168384212e-08,1.5625258486558885e-09,5.930075860683496e-09,True
random_082,17x23,"(5, -2, 26, 3)",3,3.674253168384212e-08,1.5625258486558885e-09,5.930075860683496e-09,True
random_082,17x23,"(5, -2, 26, 3)",14,5.465743246890753e-08,7.997229677962068e-09,1.523422917430785e-08,True
random_082,17x23,"(5, -2, 26, 3)",15,5.465743246890753e-08,7.997229677962068e-09,1.523422917430785e-08,True
random_082,17x23,"(5, -2, 26, 3)",25,3.0644489279474385e-08,5.657568682346514e-09,7.993208049787137e-09,True
random_083,17x23,"(-11, -11, 10, 11)",0,0.0,0.0,0.0,True
random_083,17x23,"(-11, -11, 10, 11)",1,0.0,0.0,0.0,True
random_083,17x23,"(-11, -11, 10, 11)",2,3.674253168384212e-08,1.5625258497916664e-09,5.930075861587512e-09,True
random_083,17x23,"(-11, -11, 10, 11)",3,3.674253168384212e-08,1.5625258497916664e-09,5.930075861587512e-09,True
random_083,17x23,"(-11, -11, 10, 11)",14,1.1454386061870991e-07,1.9883621251340248e-08,3.406225187745394e-08,True
random_083,17x23,"(-11, -11, 10, 11)",15,1.1454386061870991e-07,1.9883621251340248e-08,3.406225187745394e-08,True
random_083,17x23,"(-11, -11, 10, 11)",25,1.506197070400006e-07,2.4005877485845605e-08,3.6064994674082515e-08,True
random_084,17x23,"(-9, -2, 6, 11)",0,0.0,0.0,0.0,True
random_084,17x23,"(-9, -2, 6, 11)",1,0.0,0.0,0.0,True
random_084,17x23,"(-9, -2, 6, 11)",2,3.674253168384212e-08,1.2576427574471855e-09,5.338712474412003e-09,True
random_084,17x23,"(-9, -2, 6, 11)",3,3.674253168384212e-08,1.2576427574471855e-09,5.338712474412003e-09,True
random_084,17x23,"(-9, -2, 6, 11)",14,1.1671523469924949e-07,1.1882616097238374e-08,2.671676040671074e-08,True
random_084,17x23,"(-9, -2, 6, 11)",15,1.1671523469924949e-07,1.1882616097238374e-08,2.671676040671074e-08,True
random_084,17x23,"(-9, -2, 6, 11)",25,5.517997747617187e-08,9.763391352854479e-09,1.4760396394008544e-08,True
random_085,17x23,"(0, -4, 8, 32)",0,0.0,0.0,0.0,True
random_085,17x23,"(0, -4, 8, 32)",1,0.0,0.0,0.0,True
random_085,17x23,"(0, -4, 8, 32)",2,2.508231511377801e-08,1.2957531448775721e-09,5.3218213603691165e-09,True
random_085,17x23,"(0, -4, 8, 32)",3,2.508231511377801e-08,1.2957531448775721e-09,5.3218213603691165e-09,True
random_085,17x23,"(0, -4, 8, 32)",14,1.1454386061870991e-07,2.5475781137429543e-08,4.586165857012215e-08,True
random_085,17x23,"(0, -4, 8, 32)",15,1.1454386061870991e-07,2.5475781137429543e-08,4.586165857012215e-08,True
random_085,17x23,"(0, -4, 8, 32)",25,1.378235001681105e-07,2.4393372772799914e-08,4.1483575305051143e-08,True
random_086,17x23,"(-4, -1, -1, 19)",0,0.0,0.0,0.0,True
random_086,17x23,"(-4, -1, -1, 19)",1,0.0,0.0,0.0,True
random_086,17x23,"(-4, -1, -1, 19)",2,0.0,0.0,0.0,True
random_086,17x23,"(-4, -1, -1, 19)",3,0.0,0.0,0.0,True
random_086,17x23,"(-4, -1, -1, 19)",14,0.0,0.0,0.0,True
random_086,17x23,"(-4, -1, -1, 19)",15,0.0,0.0,0.0,True
random_086,17x23,"(-4, -1, -1, 19)",25,0.0,0.0,0.0,True
random_087,17x23,"(1, -3, 31, 18)",0,0.0,0.0,0.0,True
random_087,17x23,"(1, -3, 31, 18)",1,0.0,0.0,0.0,True
random_087,17x23,"(1, -3, 31, 18)",2,2.508231511377801e-08,1.5009708500256659e-09,5.5881723077060035e-09,True
random_087,17x23,"(1, -3, 31, 18)",3,2.508231511377801e-08,1.5009708500256659e-09,5.5881723077060035e-09,True
random_087,17x23,"(1, -3, 31, 18)",14,1.1920928921771434e-07,6.00805016510333e-08,7.500847659887643e-08,True
random_087,17x23,"(1, -3, 31, 18)",15,1.1920928921771434e-07,6.00805016510333e-08,7.500847659887643e-08,True
random_087,17x23,"(1, -3, 31, 18)",25,1.6739553299061072e-07,3.457132649718692e-08,5.611640300949917e-08,True
random_088,17x23,"(-2, 11, 24, 13)",0,0.0,0.0,0.0,True
random_088,17x23,"(-2, 11, 24, 13)",1,0.0,0.0,0.0,True
random_088,17x23,"(-2, 11, 24, 13)",2,2.508231511377801e-08,3.5061555619615305e-09,8.754165388945773e-09,True
random_088,17x23,"(-2, 11, 24, 13)",3,2.508231511377801e-08,3.5061555619615305e-09,8.754165388945773e-09,True
random_088,17x23,"(-2, 11, 24, 13)",14,4.2609717143538006e-08,1.0420631362140504e-08,1.4031751910766298e-08,True
random_088,17x23,"(-2, 11, 24, 13)",15,4.2609717143538006e-08,1.0420631362140504e-08,1.4031751910766298e-08,True
random_088,17x23,"(-2, 11, 24, 13)",25,1.0895430807567053e-08,4.1160361724360484e-09,4.971508509573894e-09,True
random_089,17x23,"(5, 9, 30, 31)",0,0.0,0.0,0.0,True
random_089,17x23,"(5, 9, 30, 31)",1,0.0,0.0,0.0,True
random_089,17x23,"(5, 9, 30, 31)",2,3.674253168384212e-08,1.943629714796351e-09,6.595129700759331e-09,True
random_089,17x23,"(5, 9, 30, 31)",3,3.674253168384212e-08,1.943629714796351e-09,6.595129700759331e-09,True
random_089,17x23,"(5, 9, 30, 31)",14,1.1920928921771434e-07,2.688859856281993e-08,4.174459946597931e-08,True
random_089,17x23,"(5, 9, 30, 31)",15,1.1920928921771434e-07,2.688859856281993e-08,4.174459946597931e-08,True
random_089,17x23,"(5, 9, 30, 31)",25,9.998877548156315e-08,1.849396116236347e-08,2.5703867181734175e-08,True
random_090,17x23,"(10, 19, 13, 22)",0,0.0,0.0,0.0,True
random_090,17x23,"(10, 19, 13, 22)",1,0.0,0.0,0.0,True
random_090,17x23,"(10, 19, 13, 22)",2,0.0,0.0,0.0,True
random_090,17x23,"(10, 19, 13, 22)",3,0.0,0.0,0.0,True
random_090,17x23,"(10, 19, 13, 22)",14,0.0,0.0,0.0,True
random_090,17x23,"(10, 19, 13, 22)",15,0.0,0.0,0.0,True
random_090,17x23,"(10, 19, 13, 22)",25,0.0,0.0,0.0,True
random_091,17x23,"(-5, 3, -2, 30)",0,0.0,0.0,0.0,True
random_091,17x23,"(-5, 3, -2, 30)",1,0.0,0.0,0.0,True
random_091,17x23,"(-5, 3, -2, 30)",2,0.0,0.0,0.0,True
random_091,17x23,"(-5, 3, -2, 30)",3,0.0,0.0,0.0,True
random_091,17x23,"(-5, 3, -2, 30)",14,0.0,0.0,0.0,True
random_091,17x23,"(-5, 3, -2, 30)",15,0.0,0.0,0.0,True
random_091,17x23,"(-5, 3, -2, 30)",25,0.0,0.0,0.0,True
random_092,17x23,"(-10, 7, 25, 24)",0,0.0,0.0,0.0,True
random_092,17x23,"(-10, 7, 25, 24)",1,0.0,0.0,0.0,True
random_092,17x23,"(-10, 7, 25, 24)",2,2.508231511377801e-08,1.7530777809807652e-09,6.190129710152126e-09,True
random_092,17x23,"(-10, 7, 25, 24)",3,2.508231511377801e-08,1.7530777809807652e-09,6.190129710152126e-09,True
random_092,17x23,"(-10, 7, 25, 24)",14,1.1920928921771434e-07,4.532145559358941e-08,5.498641056770992e-08,True
random_092,17x23,"(-10, 7, 25, 24)",15,1.1920928921771434e-07,4.532145559358941e-08,5.498641056770992e-08,True
random_092,17x23,"(-10, 7, 25, 24)",25,4.600941949650661e-08,1.5161714014996283e-08,2.0359883816898983e-08,True
random_093,17x23,"(-10, -10, 18, 7)",0,0.0,0.0,0.0,True
random_093,17x23,"(-10, -10, 18, 7)",1,0.0,0.0,0.0,True
random_093,17x23,"(-10, -10, 18, 7)",2,3.674253168384212e-08,1.8674089415682584e-09,6.467592176271052e-09,True
random_093,17x23,"(-10, -10, 18, 7)",3,3.674253168384212e-08,1.8674089415682584e-09,6.467592176271052e-09,True
random_093,17x23,"(-10, -10, 18, 7)",14,9.811925638647523e-08,2.0544133470535e-08,2.9684282845129416e-08,True
random_093,17x23,"(-10, -10, 18, 7)",15,9.811925638647523e-08,2.0544133470535e-08,2.9684282845129416e-08,True
random_093,17x23,"(-10, -10, 18, 7)",25,1.2277160943430232e-07,2.304551267181097e-08,3.172636732535632e-08,True
random_094,17x23,"(-4, -2, 9, -2)",0,0.0,0.0,0.0,True
random_094,17x23,"(-4, -2, 9, -2)",1,0.0,0.0,0.0,True
random_094,17x23,"(-4, -2, 9, -2)",2,0.0,0.0,0.0,True
random_094,17x23,"(-4, -2, 9, -2)",3,0.0,0.0,0.0,True
random_094,17x23,"(-4, -2, 9, -2)",14,0.0,0.0,0.0,True
random_094,17x23,"(-4, -2, 9, -2)",15,0.0,0.0,0.0,True
random_094,17x23,"(-4, -2, 9, -2)",25,0.0,0.0,0.0,True
random_095,17x23,"(0, -3, 20, -1)",0,0.0,0.0,0.0,True
random_095,17x23,"(0, -3, 20, -1)",1,0.0,0.0,0.0,True
random_095,17x23,"(0, -3, 20, -1)",2,0.0,0.0,0.0,True
random_095,17x23,"(0, -3, 20, -1)",3,0.0,0.0,0.0,True
random_095,17x23,"(0, -3, 20, -1)",14,0.0,0.0,0.0,True
random_095,17x23,"(0, -3, 20, -1)",15,0.0,0.0,0.0,True
random_095,17x23,"(0, -3, 20, -1)",25,0.0,0.0,0.0,True
random_096,17x23,"(-5, 14, 34, 33)",0,0.0,0.0,0.0,True
random_096,17x23,"(-5, 14, 34, 33)",1,0.0,0.0,0.0,True
random_096,17x23,"(-5, 14, 34, 33)",2,2.508231511377801e-08,1.7530777809807652e-09,6.190129710152126e-09,True
random_096,17x23,"(-5, 14, 34, 33)",3,2.508231511377801e-08,1.7530777809807652e-09,6.190129710152126e-09,True
random_096,17x23,"(-5, 14, 34, 33)",14,5.465743246890753e-08,1.0487291582039191e-08,1.7201863683322565e-08,True
random_096,17x23,"(-5, 14, 34, 33)",15,5.465743246890753e-08,1.0487291582039191e-08,1.7201863683322565e-08,True
random_096,17x23,"(-5, 14, 34, 33)",25,1.3228192097258784e-08,5.142102057470781e-09,6.712435068573771e-09,True
random_097,17x23,"(-10, 23, 11, 28)",0,0.0,0.0,0.0,True
random_097,17x23,"(-10, 23, 11, 28)",1,0.0,0.0,0.0,True
random_097,17x23,"(-10, 23, 11, 28)",2,0.0,0.0,0.0,True
random_097,17x23,"(-10, 23, 11, 28)",3,0.0,0.0,0.0,True
random_097,17x23,"(-10, 23, 11, 28)",14,0.0,0.0,0.0,True
random_097,17x23,"(-10, 23, 11, 28)",15,0.0,0.0,0.0,True
random_097,17x23,"(-10, 23, 11, 28)",25,0.0,0.0,0.0,True
random_098,17x23,"(-1, -9, 25, 16)",0,0.0,0.0,0.0,True
random_098,17x23,"(-1, -9, 25, 16)",1,0.0,0.0,0.0,True
random_098,17x23,"(-1, -9, 25, 16)",2,2.508231511377801e-08,2.0307252611510595e-09,6.499938470016362e-09,True
random_098,17x23,"(-1, -9, 25, 16)",3,2.508231511377801e-08,2.0307252611510595e-09,6.499938470016362e-09,True
random_098,17x23,"(-1, -9, 25, 16)",14,1.2779614977365128e-07,7.275929730861176e-08,7.783435450360979e-08,True
random_098,17x23,"(-1, -9, 25, 16)",15,1.2779614977365128e-07,7.275929730861176e-08,7.783435450360979e-08,True
random_098,17x23,"(-1, -9, 25, 16)",25,4.2355922880155106e-08,1.3405091468227431e-08,1.9316452191119317e-08,True
random_099,17x23,"(16, 21, 18, 25)",0,0.0,0.0,0.0,True
random_099,17x23,"(16, 21, 18, 25)",1,0.0,0.0,0.0,True
random_099,17x23,"(16, 21, 18, 25)",2,0.0,0.0,0.0,True
random_099,17x23,"(16, 21, 18, 25)",3,0.0,0.0,0.0,True
random_099,17x23,"(16, 21, 18, 25)",14,0.0,0.0,0.0,True
random_099,17x23,"(16, 21, 18, 25)",15,0.0,0.0,0.0,True
random_099,17x23,"(16, 21, 18, 25)",25,0.0,0.0,0.0,True
